path,parse_ok,emotion,intensity
actors_speech/Actor_01/03-01-01-01-01-01-01.wav,True,neutral,normal
actors_speech/Actor_01/03-01-01-01-01-02-01.wav,True,neutral,normal
actors_speech/Actor_01/03-01-01-01-02-01-01.wav,True,neutral,normal
actors_speech/Actor_01/03-01-01-01-02-02-01.wav,True,neutral,normal
actors_speech/Actor_01/03-01-02-01-01-01-01.wav,True,calm,normal
actors_speech/Actor_01/03-01-02-01-01-02-01.wav,True,calm,normal
actors_speech/Actor_01/03-01-02-01-02-01-01.wav,True,calm,normal
actors_speech/Actor_01/03-01-02-01-02-02-01.wav,True,calm,normal
actors_speech/Actor_01/03-01-02-02-01-01-01.wav,True,calm,strong
actors_speech/Actor_01/03-01-02-02-01-02-01.wav,True,calm,strong
actors_speech/Actor_01/03-01-02-02-02-01-01.wav,True,calm,strong
actors_speech/Actor_01/03-01-02-02-02-02-01.wav,True,calm,strong
actors_speech/Actor_01/03-01-03-01-01-01-01.wav,True,happy,normal
actors_speech/Actor_01/03-01-03-01-01-02-01.wav,True,happy,normal
actors_speech/Actor_01/03-01-03-01-02-01-01.wav,True,happy,normal
actors_speech/Actor_01/03-01-03-01-02-02-01.wav,True,happy,normal
actors_speech/Actor_01/03-01-03-02-01-01-01.wav,True,happy,strong
actors_speech/Actor_01/03-01-03-02-01-02-01.wav,True,happy,strong
actors_speech/Actor_01/03-01-03-02-02-01-01.wav,True,happy,strong
actors_speech/Actor_01/03-01-03-02-02-02-01.wav,True,happy,strong
actors_speech/Actor_01/03-01-04-01-01-01-01.wav,True,sad,normal
actors_speech/Actor_01/03-01-04-01-01-02-01.wav,True,sad,normal
actors_speech/Actor_01/03-01-04-01-02-01-01.wav,True,sad,normal
actors_speech/Actor_01/03-01-04-01-02-02-01.wav,True,sad,normal
actors_speech/Actor_01/03-01-04-02-01-01-01.wav,True,sad,strong
actors_speech/Actor_01/03-01-04-02-01-02-01.wav,True,sad,strong
actors_speech/Actor_01/03-01-04-02-02-01-01.wav,True,sad,strong
actors_speech/Actor_01/03-01-04-02-02-02-01.wav,True,sad,strong
actors_speech/Actor_01/03-01-05-01-01-01-01.wav,True,angry,normal
actors_speech/Actor_01/03-01-05-01-01-02-01.wav,True,angry,normal
actors_speech/Actor_01/03-01-05-01-02-01-01.wav,True,angry,normal
actors_speech/Actor_01/03-01-05-01-02-02-01.wav,True,angry,normal
actors_speech/Actor_01/03-01-05-02-01-01-01.wav,True,angry,strong
actors_speech/Actor_01/03-01-05-02-01-02-01.wav,True,angry,strong
actors_speech/Actor_01/03-01-05-02-02-01-01.wav,True,angry,strong
actors_speech/Actor_01/03-01-05-02-02-02-01.wav,True,angry,strong
actors_speech/Actor_01/03-01-06-01-01-01-01.wav,True,fearful,normal
actors_speech/Actor_01/03-01-06-01-01-02-01.wav,True,fearful,normal
actors_speech/Actor_01/03-01-06-01-02-01-01.wav,True,fearful,normal
actors_speech/Actor_01/03-01-06-01-02-02-01.wav,True,fearful,normal
actors_speech/Actor_01/03-01-06-02-01-01-01.wav,True,fearful,strong
actors_speech/Actor_01/03-01-06-02-01-02-01.wav,True,fearful,strong
actors_speech/Actor_01/03-01-06-02-02-01-01.wav,True,fearful,strong
actors_speech/Actor_01/03-01-06-02-02-02-01.wav,True,fearful,strong
actors_speech/Actor_01/03-01-07-01-01-01-01.wav,True,disgust,normal
actors_speech/Actor_01/03-01-07-01-01-02-01.wav,True,disgust,normal
actors_speech/Actor_01/03-01-07-01-02-01-01.wav,True,disgust,normal
actors_speech/Actor_01/03-01-07-01-02-02-01.wav,True,disgust,normal
actors_speech/Actor_01/03-01-07-02-01-01-01.wav,True,disgust,strong
actors_speech/Actor_01/03-01-07-02-01-02-01.wav,True,disgust,strong
actors_speech/Actor_01/03-01-07-02-02-01-01.wav,True,disgust,strong
actors_speech/Actor_01/03-01-07-02-02-02-01.wav,True,disgust,strong
actors_speech/Actor_01/03-01-08-01-01-01-01.wav,True,surprised,normal
actors_speech/Actor_01/03-01-08-01-01-02-01.wav,True,surprised,normal
actors_speech/Actor_01/03-01-08-01-02-01-01.wav,True,surprised,normal
actors_speech/Actor_01/03-01-08-01-02-02-01.wav,True,surprised,normal
actors_speech/Actor_01/03-01-08-02-01-01-01.wav,True,surprised,strong
actors_speech/Actor_01/03-01-08-02-01-02-01.wav,True,surprised,strong
actors_speech/Actor_01/03-01-08-02-02-01-01.wav,True,surprised,strong
actors_speech/Actor_01/03-01-08-02-02-02-01.wav,True,surprised,strong
actors_speech/Actor_02/03-01-01-01-01-01-02.wav,True,neutral,normal
actors_speech/Actor_02/03-01-01-01-01-02-02.wav,True,neutral,normal
actors_speech/Actor_02/03-01-01-01-02-01-02.wav,True,neutral,normal
actors_speech/Actor_02/03-01-01-01-02-02-02.wav,True,neutral,normal
actors_speech/Actor_02/03-01-02-01-01-01-02.wav,True,calm,normal
actors_speech/Actor_02/03-01-02-01-01-02-02.wav,True,calm,normal
actors_speech/Actor_02/03-01-02-01-02-01-02.wav,True,calm,normal
actors_speech/Actor_02/03-01-02-01-02-02-02.wav,True,calm,normal
actors_speech/Actor_02/03-01-02-02-01-01-02.wav,True,calm,strong
actors_speech/Actor_02/03-01-02-02-01-02-02.wav,True,calm,strong
actors_speech/Actor_02/03-01-02-02-02-01-02.wav,True,calm,strong
actors_speech/Actor_02/03-01-02-02-02-02-02.wav,True,calm,strong
actors_speech/Actor_02/03-01-03-01-01-01-02.wav,True,happy,normal
actors_speech/Actor_02/03-01-03-01-01-02-02.wav,True,happy,normal
actors_speech/Actor_02/03-01-03-01-02-01-02.wav,True,happy,normal
actors_speech/Actor_02/03-01-03-01-02-02-02.wav,True,happy,normal
actors_speech/Actor_02/03-01-03-02-01-01-02.wav,True,happy,strong
actors_speech/Actor_02/03-01-03-02-01-02-02.wav,True,happy,strong
actors_speech/Actor_02/03-01-03-02-02-01-02.wav,True,happy,strong
actors_speech/Actor_02/03-01-03-02-02-02-02.wav,True,happy,strong
actors_speech/Actor_02/03-01-04-01-01-01-02.wav,True,sad,normal
actors_speech/Actor_02/03-01-04-01-01-02-02.wav,True,sad,normal
actors_speech/Actor_02/03-01-04-01-02-01-02.wav,True,sad,normal
actors_speech/Actor_02/03-01-04-01-02-02-02.wav,True,sad,normal
actors_speech/Actor_02/03-01-04-02-01-01-02.wav,True,sad,strong
actors_speech/Actor_02/03-01-04-02-01-02-02.wav,True,sad,strong
actors_speech/Actor_02/03-01-04-02-02-01-02.wav,True,sad,strong
actors_speech/Actor_02/03-01-04-02-02-02-02.wav,True,sad,strong
actors_speech/Actor_02/03-01-05-01-01-01-02.wav,True,angry,normal
actors_speech/Actor_02/03-01-05-01-01-02-02.wav,True,angry,normal
actors_speech/Actor_02/03-01-05-01-02-01-02.wav,True,angry,normal
actors_speech/Actor_02/03-01-05-01-02-02-02.wav,True,angry,normal
actors_speech/Actor_02/03-01-05-02-01-01-02.wav,True,angry,strong
actors_speech/Actor_02/03-01-05-02-01-02-02.wav,True,angry,strong
actors_speech/Actor_02/03-01-05-02-02-01-02.wav,True,angry,strong
actors_speech/Actor_02/03-01-05-02-02-02-02.wav,True,angry,strong
actors_speech/Actor_02/03-01-06-01-01-01-02.wav,True,fearful,normal
actors_speech/Actor_02/03-01-06-01-01-02-02.wav,True,fearful,normal
actors_speech/Actor_02/03-01-06-01-02-01-02.wav,True,fearful,normal
actors_speech/Actor_02/03-01-06-01-02-02-02.wav,True,fearful,normal
actors_speech/Actor_02/03-01-06-02-01-01-02.wav,True,fearful,strong
actors_speech/Actor_02/03-01-06-02-01-02-02.wav,True,fearful,strong
actors_speech/Actor_02/03-01-06-02-02-01-02.wav,True,fearful,strong
actors_speech/Actor_02/03-01-06-02-02-02-02.wav,True,fearful,strong
actors_speech/Actor_02/03-01-07-01-01-01-02.wav,True,disgust,normal
actors_speech/Actor_02/03-01-07-01-01-02-02.wav,True,disgust,normal
actors_speech/Actor_02/03-01-07-01-02-01-02.wav,True,disgust,normal
actors_speech/Actor_02/03-01-07-01-02-02-02.wav,True,disgust,normal
actors_speech/Actor_02/03-01-07-02-01-01-02.wav,True,disgust,strong
actors_speech/Actor_02/03-01-07-02-01-02-02.wav,True,disgust,strong
actors_speech/Actor_02/03-01-07-02-02-01-02.wav,True,disgust,strong
actors_speech/Actor_02/03-01-07-02-02-02-02.wav,True,disgust,strong
actors_speech/Actor_02/03-01-08-01-01-01-02.wav,True,surprised,normal
actors_speech/Actor_02/03-01-08-01-01-02-02.wav,True,surprised,normal
actors_speech/Actor_02/03-01-08-01-02-01-02.wav,True,surprised,normal
actors_speech/Actor_02/03-01-08-01-02-02-02.wav,True,surprised,normal
actors_speech/Actor_02/03-01-08-02-01-01-02.wav,True,surprised,strong
actors_speech/Actor_02/03-01-08-02-01-02-02.wav,True,surprised,strong
actors_speech/Actor_02/03-01-08-02-02-01-02.wav,True,surprised,strong
actors_speech/Actor_02/03-01-08-02-02-02-02.wav,True,surprised,strong
actors_speech/Actor_03/03-01-01-01-01-01-03.wav,True,neutral,normal
actors_speech/Actor_03/03-01-01-01-01-02-03.wav,True,neutral,normal
actors_speech/Actor_03/03-01-01-01-02-01-03.wav,True,neutral,normal
actors_speech/Actor_03/03-01-01-01-02-02-03.wav,True,neutral,normal
actors_speech/Actor_03/03-01-02-01-01-01-03.wav,True,calm,normal
actors_speech/Actor_03/03-01-02-01-01-02-03.wav,True,calm,normal
actors_speech/Actor_03/03-01-02-01-02-01-03.wav,True,calm,normal
actors_speech/Actor_03/03-01-02-01-02-02-03.wav,True,calm,normal
actors_speech/Actor_03/03-01-02-02-01-01-03.wav,True,calm,strong
actors_speech/Actor_03/03-01-02-02-01-02-03.wav,True,calm,strong
actors_speech/Actor_03/03-01-02-02-02-01-03.wav,True,calm,strong
actors_speech/Actor_03/03-01-02-02-02-02-03.wav,True,calm,strong
actors_speech/Actor_03/03-01-03-01-01-01-03.wav,True,happy,normal
actors_speech/Actor_03/03-01-03-01-01-02-03.wav,True,happy,normal
actors_speech/Actor_03/03-01-03-01-02-01-03.wav,True,happy,normal
actors_speech/Actor_03/03-01-03-01-02-02-03.wav,True,happy,normal
actors_speech/Actor_03/03-01-03-02-01-01-03.wav,True,happy,strong
actors_speech/Actor_03/03-01-03-02-01-02-03.wav,True,happy,strong
actors_speech/Actor_03/03-01-03-02-02-01-03.wav,True,happy,strong
actors_speech/Actor_03/03-01-03-02-02-02-03.wav,True,happy,strong
actors_speech/Actor_03/03-01-04-01-01-01-03.wav,True,sad,normal
actors_speech/Actor_03/03-01-04-01-01-02-03.wav,True,sad,normal
actors_speech/Actor_03/03-01-04-01-02-01-03.wav,True,sad,normal
actors_speech/Actor_03/03-01-04-01-02-02-03.wav,True,sad,normal
actors_speech/Actor_03/03-01-04-02-01-01-03.wav,True,sad,strong
actors_speech/Actor_03/03-01-04-02-01-02-03.wav,True,sad,strong
actors_speech/Actor_03/03-01-04-02-02-01-03.wav,True,sad,strong
actors_speech/Actor_03/03-01-04-02-02-02-03.wav,True,sad,strong
actors_speech/Actor_03/03-01-05-01-01-01-03.wav,True,angry,normal
actors_speech/Actor_03/03-01-05-01-01-02-03.wav,True,angry,normal
actors_speech/Actor_03/03-01-05-01-02-01-03.wav,True,angry,normal
actors_speech/Actor_03/03-01-05-01-02-02-03.wav,True,angry,normal
actors_speech/Actor_03/03-01-05-02-01-01-03.wav,True,angry,strong
actors_speech/Actor_03/03-01-05-02-01-02-03.wav,True,angry,strong
actors_speech/Actor_03/03-01-05-02-02-01-03.wav,True,angry,strong
actors_speech/Actor_03/03-01-05-02-02-02-03.wav,True,angry,strong
actors_speech/Actor_03/03-01-06-01-01-01-03.wav,True,fearful,normal
actors_speech/Actor_03/03-01-06-01-01-02-03.wav,True,fearful,normal
actors_speech/Actor_03/03-01-06-01-02-01-03.wav,True,fearful,normal
actors_speech/Actor_03/03-01-06-01-02-02-03.wav,True,fearful,normal
actors_speech/Actor_03/03-01-06-02-01-01-03.wav,True,fearful,strong
actors_speech/Actor_03/03-01-06-02-01-02-03.wav,True,fearful,strong
actors_speech/Actor_03/03-01-06-02-02-01-03.wav,True,fearful,strong
actors_speech/Actor_03/03-01-06-02-02-02-03.wav,True,fearful,strong
actors_speech/Actor_03/03-01-07-01-01-01-03.wav,True,disgust,normal
actors_speech/Actor_03/03-01-07-01-01-02-03.wav,True,disgust,normal
actors_speech/Actor_03/03-01-07-01-02-01-03.wav,True,disgust,normal
actors_speech/Actor_03/03-01-07-01-02-02-03.wav,True,disgust,normal
actors_speech/Actor_03/03-01-07-02-01-01-03.wav,True,disgust,strong
actors_speech/Actor_03/03-01-07-02-01-02-03.wav,True,disgust,strong
actors_speech/Actor_03/03-01-07-02-02-01-03.wav,True,disgust,strong
actors_speech/Actor_03/03-01-07-02-02-02-03.wav,True,disgust,strong
actors_speech/Actor_03/03-01-08-01-01-01-03.wav,True,surprised,normal
actors_speech/Actor_03/03-01-08-01-01-02-03.wav,True,surprised,normal
actors_speech/Actor_03/03-01-08-01-02-01-03.wav,True,surprised,normal
actors_speech/Actor_03/03-01-08-01-02-02-03.wav,True,surprised,normal
actors_speech/Actor_03/03-01-08-02-01-01-03.wav,True,surprised,strong
actors_speech/Actor_03/03-01-08-02-01-02-03.wav,True,surprised,strong
actors_speech/Actor_03/03-01-08-02-02-01-03.wav,True,surprised,strong
actors_speech/Actor_03/03-01-08-02-02-02-03.wav,True,surprised,strong
actors_speech/Actor_04/03-01-01-01-01-01-04.wav,True,neutral,normal
actors_speech/Actor_04/03-01-01-01-01-02-04.wav,True,neutral,normal
actors_speech/Actor_04/03-01-01-01-02-01-04.wav,True,neutral,normal
actors_speech/Actor_04/03-01-01-01-02-02-04.wav,True,neutral,normal
actors_speech/Actor_04/03-01-02-01-01-01-04.wav,True,calm,normal
actors_speech/Actor_04/03-01-02-01-01-02-04.wav,True,calm,normal
actors_speech/Actor_04/03-01-02-01-02-01-04.wav,True,calm,normal
actors_speech/Actor_04/03-01-02-01-02-02-04.wav,True,calm,normal
actors_speech/Actor_04/03-01-02-02-01-01-04.wav,True,calm,strong
actors_speech/Actor_04/03-01-02-02-01-02-04.wav,True,calm,strong
actors_speech/Actor_04/03-01-02-02-02-01-04.wav,True,calm,strong
actors_speech/Actor_04/03-01-02-02-02-02-04.wav,True,calm,strong
actors_speech/Actor_04/03-01-03-01-01-01-04.wav,True,happy,normal
actors_speech/Actor_04/03-01-03-01-01-02-04.wav,True,happy,normal
actors_speech/Actor_04/03-01-03-01-02-01-04.wav,True,happy,normal
actors_speech/Actor_04/03-01-03-01-02-02-04.wav,True,happy,normal
actors_speech/Actor_04/03-01-03-02-01-01-04.wav,True,happy,strong
actors_speech/Actor_04/03-01-03-02-01-02-04.wav,True,happy,strong
actors_speech/Actor_04/03-01-03-02-02-01-04.wav,True,happy,strong
actors_speech/Actor_04/03-01-03-02-02-02-04.wav,True,happy,strong
actors_speech/Actor_04/03-01-04-01-01-01-04.wav,True,sad,normal
actors_speech/Actor_04/03-01-04-01-01-02-04.wav,True,sad,normal
actors_speech/Actor_04/03-01-04-01-02-01-04.wav,True,sad,normal
actors_speech/Actor_04/03-01-04-01-02-02-04.wav,True,sad,normal
actors_speech/Actor_04/03-01-04-02-01-01-04.wav,True,sad,strong
actors_speech/Actor_04/03-01-04-02-01-02-04.wav,True,sad,strong
actors_speech/Actor_04/03-01-04-02-02-01-04.wav,True,sad,strong
actors_speech/Actor_04/03-01-04-02-02-02-04.wav,True,sad,strong
actors_speech/Actor_04/03-01-05-01-01-01-04.wav,True,angry,normal
actors_speech/Actor_04/03-01-05-01-01-02-04.wav,True,angry,normal
actors_speech/Actor_04/03-01-05-01-02-01-04.wav,True,angry,normal
actors_speech/Actor_04/03-01-05-01-02-02-04.wav,True,angry,normal
actors_speech/Actor_04/03-01-05-02-01-01-04.wav,True,angry,strong
actors_speech/Actor_04/03-01-05-02-01-02-04.wav,True,angry,strong
actors_speech/Actor_04/03-01-05-02-02-01-04.wav,True,angry,strong
actors_speech/Actor_04/03-01-05-02-02-02-04.wav,True,angry,strong
actors_speech/Actor_04/03-01-06-01-01-01-04.wav,True,fearful,normal
actors_speech/Actor_04/03-01-06-01-01-02-04.wav,True,fearful,normal
actors_speech/Actor_04/03-01-06-01-02-01-04.wav,True,fearful,normal
actors_speech/Actor_04/03-01-06-01-02-02-04.wav,True,fearful,normal
actors_speech/Actor_04/03-01-06-02-01-01-04.wav,True,fearful,strong
actors_speech/Actor_04/03-01-06-02-01-02-04.wav,True,fearful,strong
actors_speech/Actor_04/03-01-06-02-02-01-04.wav,True,fearful,strong
actors_speech/Actor_04/03-01-06-02-02-02-04.wav,True,fearful,strong
actors_speech/Actor_04/03-01-07-01-01-01-04.wav,True,disgust,normal
actors_speech/Actor_04/03-01-07-01-01-02-04.wav,True,disgust,normal
actors_speech/Actor_04/03-01-07-01-02-01-04.wav,True,disgust,normal
actors_speech/Actor_04/03-01-07-01-02-02-04.wav,True,disgust,normal
actors_speech/Actor_04/03-01-07-02-01-01-04.wav,True,disgust,strong
actors_speech/Actor_04/03-01-07-02-01-02-04.wav,True,disgust,strong
actors_speech/Actor_04/03-01-07-02-02-01-04.wav,True,disgust,strong
actors_speech/Actor_04/03-01-07-02-02-02-04.wav,True,disgust,strong
actors_speech/Actor_04/03-01-08-01-01-01-04.wav,True,surprised,normal
actors_speech/Actor_04/03-01-08-01-01-02-04.wav,True,surprised,normal
actors_speech/Actor_04/03-01-08-01-02-01-04.wav,True,surprised,normal
actors_speech/Actor_04/03-01-08-01-02-02-04.wav,True,surprised,normal
actors_speech/Actor_04/03-01-08-02-01-01-04.wav,True,surprised,strong
actors_speech/Actor_04/03-01-08-02-01-02-04.wav,True,surprised,strong
actors_speech/Actor_04/03-01-08-02-02-01-04.wav,True,surprised,strong
actors_speech/Actor_04/03-01-08-02-02-02-04.wav,True,surprised,strong
actors_speech/Actor_05/03-01-01-01-01-01-05.wav,True,neutral,normal
actors_speech/Actor_05/03-01-01-01-01-02-05.wav,True,neutral,normal
actors_speech/Actor_05/03-01-01-01-02-01-05.wav,True,neutral,normal
actors_speech/Actor_05/03-01-01-01-02-02-05.wav,True,neutral,normal
actors_speech/Actor_05/03-01-02-01-01-01-05.wav,True,calm,normal
actors_speech/Actor_05/03-01-02-01-01-02-05.wav,True,calm,normal
actors_speech/Actor_05/03-01-02-01-02-01-05.wav,True,calm,normal
actors_speech/Actor_05/03-01-02-01-02-02-05.wav,True,calm,normal
actors_speech/Actor_05/03-01-02-02-01-01-05.wav,True,calm,strong
actors_speech/Actor_05/03-01-02-02-01-02-05.wav,True,calm,strong
actors_speech/Actor_05/03-01-02-02-02-01-05.wav,True,calm,strong
actors_speech/Actor_05/03-01-02-02-02-02-05.wav,True,calm,strong
actors_speech/Actor_05/03-01-03-01-01-01-05.wav,True,happy,normal
actors_speech/Actor_05/03-01-03-01-01-02-05.wav,True,happy,normal
actors_speech/Actor_05/03-01-03-01-02-01-05.wav,True,happy,normal
actors_speech/Actor_05/03-01-03-01-02-02-05.wav,True,happy,normal
actors_speech/Actor_05/03-01-03-02-01-01-05.wav,True,happy,strong
actors_speech/Actor_05/03-01-03-02-01-02-05.wav,True,happy,strong
actors_speech/Actor_05/03-01-03-02-02-01-05.wav,True,happy,strong
actors_speech/Actor_05/03-01-03-02-02-02-05.wav,True,happy,strong
actors_speech/Actor_05/03-01-04-01-01-01-05.wav,True,sad,normal
actors_speech/Actor_05/03-01-04-01-01-02-05.wav,True,sad,normal
actors_speech/Actor_05/03-01-04-01-02-01-05.wav,True,sad,normal
actors_speech/Actor_05/03-01-04-01-02-02-05.wav,True,sad,normal
actors_speech/Actor_05/03-01-04-02-01-01-05.wav,True,sad,strong
actors_speech/Actor_05/03-01-04-02-01-02-05.wav,True,sad,strong
actors_speech/Actor_05/03-01-04-02-02-01-05.wav,True,sad,strong
actors_speech/Actor_05/03-01-04-02-02-02-05.wav,True,sad,strong
actors_speech/Actor_05/03-01-05-01-01-01-05.wav,True,angry,normal
actors_speech/Actor_05/03-01-05-01-01-02-05.wav,True,angry,normal
actors_speech/Actor_05/03-01-05-01-02-01-05.wav,True,angry,normal
actors_speech/Actor_05/03-01-05-01-02-02-05.wav,True,angry,normal
actors_speech/Actor_05/03-01-05-02-01-01-05.wav,True,angry,strong
actors_speech/Actor_05/03-01-05-02-01-02-05.wav,True,angry,strong
actors_speech/Actor_05/03-01-05-02-02-01-05.wav,True,angry,strong
actors_speech/Actor_05/03-01-05-02-02-02-05.wav,True,angry,strong
actors_speech/Actor_05/03-01-06-01-01-01-05.wav,True,fearful,normal
actors_speech/Actor_05/03-01-06-01-01-02-05.wav,True,fearful,normal
actors_speech/Actor_05/03-01-06-01-02-01-05.wav,True,fearful,normal
actors_speech/Actor_05/03-01-06-01-02-02-05.wav,True,fearful,normal
actors_speech/Actor_05/03-01-06-02-01-01-05.wav,True,fearful,strong
actors_speech/Actor_05/03-01-06-02-01-02-05.wav,True,fearful,strong
actors_speech/Actor_05/03-01-06-02-02-01-05.wav,True,fearful,strong
actors_speech/Actor_05/03-01-06-02-02-02-05.wav,True,fearful,strong
actors_speech/Actor_05/03-01-07-01-01-01-05.wav,True,disgust,normal
actors_speech/Actor_05/03-01-07-01-01-02-05.wav,True,disgust,normal
actors_speech/Actor_05/03-01-07-01-02-01-05.wav,True,disgust,normal
actors_speech/Actor_05/03-01-07-01-02-02-05.wav,True,disgust,normal
actors_speech/Actor_05/03-01-07-02-01-01-05.wav,True,disgust,strong
actors_speech/Actor_05/03-01-07-02-01-02-05.wav,True,disgust,strong
actors_speech/Actor_05/03-01-07-02-02-01-05.wav,True,disgust,strong
actors_speech/Actor_05/03-01-07-02-02-02-05.wav,True,disgust,strong
actors_speech/Actor_05/03-01-08-01-01-01-05.wav,True,surprised,normal
actors_speech/Actor_05/03-01-08-01-01-02-05.wav,True,surprised,normal
actors_speech/Actor_05/03-01-08-01-02-01-05.wav,True,surprised,normal
actors_speech/Actor_05/03-01-08-01-02-02-05.wav,True,surprised,normal
actors_speech/Actor_05/03-01-08-02-01-01-05.wav,True,surprised,strong
actors_speech/Actor_05/03-01-08-02-01-02-05.wav,True,surprised,strong
actors_speech/Actor_05/03-01-08-02-02-01-05.wav,True,surprised,strong
actors_speech/Actor_05/03-01-08-02-02-02-05.wav,True,surprised,strong
actors_speech/Actor_06/03-01-01-01-01-01-06.wav,True,neutral,normal
actors_speech/Actor_06/03-01-01-01-01-02-06.wav,True,neutral,normal
actors_speech/Actor_06/03-01-01-01-02-01-06.wav,True,neutral,normal
actors_speech/Actor_06/03-01-01-01-02-02-06.wav,True,neutral,normal
actors_speech/Actor_06/03-01-02-01-01-01-06.wav,True,calm,normal
actors_speech/Actor_06/03-01-02-01-01-02-06.wav,True,calm,normal
actors_speech/Actor_06/03-01-02-01-02-01-06.wav,True,calm,normal
actors_speech/Actor_06/03-01-02-01-02-02-06.wav,True,calm,normal
actors_speech/Actor_06/03-01-02-02-01-01-06.wav,True,calm,strong
actors_speech/Actor_06/03-01-02-02-01-02-06.wav,True,calm,strong
actors_speech/Actor_06/03-01-02-02-02-01-06.wav,True,calm,strong
actors_speech/Actor_06/03-01-02-02-02-02-06.wav,True,calm,strong
actors_speech/Actor_06/03-01-03-01-01-01-06.wav,True,happy,normal
actors_speech/Actor_06/03-01-03-01-01-02-06.wav,True,happy,normal
actors_speech/Actor_06/03-01-03-01-02-01-06.wav,True,happy,normal
actors_speech/Actor_06/03-01-03-01-02-02-06.wav,True,happy,normal
actors_speech/Actor_06/03-01-03-02-01-01-06.wav,True,happy,strong
actors_speech/Actor_06/03-01-03-02-01-02-06.wav,True,happy,strong
actors_speech/Actor_06/03-01-03-02-02-01-06.wav,True,happy,strong
actors_speech/Actor_06/03-01-03-02-02-02-06.wav,True,happy,strong
actors_speech/Actor_06/03-01-04-01-01-01-06.wav,True,sad,normal
actors_speech/Actor_06/03-01-04-01-01-02-06.wav,True,sad,normal
actors_speech/Actor_06/03-01-04-01-02-01-06.wav,True,sad,normal
actors_speech/Actor_06/03-01-04-01-02-02-06.wav,True,sad,normal
actors_speech/Actor_06/03-01-04-02-01-01-06.wav,True,sad,strong
actors_speech/Actor_06/03-01-04-02-01-02-06.wav,True,sad,strong
actors_speech/Actor_06/03-01-04-02-02-01-06.wav,True,sad,strong
actors_speech/Actor_06/03-01-04-02-02-02-06.wav,True,sad,strong
actors_speech/Actor_06/03-01-05-01-01-01-06.wav,True,angry,normal
actors_speech/Actor_06/03-01-05-01-01-02-06.wav,True,angry,normal
actors_speech/Actor_06/03-01-05-01-02-01-06.wav,True,angry,normal
actors_speech/Actor_06/03-01-05-01-02-02-06.wav,True,angry,normal
actors_speech/Actor_06/03-01-05-02-01-01-06.wav,True,angry,strong
actors_speech/Actor_06/03-01-05-02-01-02-06.wav,True,angry,strong
actors_speech/Actor_06/03-01-05-02-02-01-06.wav,True,angry,strong
actors_speech/Actor_06/03-01-05-02-02-02-06.wav,True,angry,strong
actors_speech/Actor_06/03-01-06-01-01-01-06.wav,True,fearful,normal
actors_speech/Actor_06/03-01-06-01-01-02-06.wav,True,fearful,normal
actors_speech/Actor_06/03-01-06-01-02-01-06.wav,True,fearful,normal
actors_speech/Actor_06/03-01-06-01-02-02-06.wav,True,fearful,normal
actors_speech/Actor_06/03-01-06-02-01-01-06.wav,True,fearful,strong
actors_speech/Actor_06/03-01-06-02-01-02-06.wav,True,fearful,strong
actors_speech/Actor_06/03-01-06-02-02-01-06.wav,True,fearful,strong
actors_speech/Actor_06/03-01-06-02-02-02-06.wav,True,fearful,strong
actors_speech/Actor_06/03-01-07-01-01-01-06.wav,True,disgust,normal
actors_speech/Actor_06/03-01-07-01-01-02-06.wav,True,disgust,normal
actors_speech/Actor_06/03-01-07-01-02-01-06.wav,True,disgust,normal
actors_speech/Actor_06/03-01-07-01-02-02-06.wav,True,disgust,normal
actors_speech/Actor_06/03-01-07-02-01-01-06.wav,True,disgust,strong
actors_speech/Actor_06/03-01-07-02-01-02-06.wav,True,disgust,strong
actors_speech/Actor_06/03-01-07-02-02-01-06.wav,True,disgust,strong
actors_speech/Actor_06/03-01-07-02-02-02-06.wav,True,disgust,strong
actors_speech/Actor_06/03-01-08-01-01-01-06.wav,True,surprised,normal
actors_speech/Actor_06/03-01-08-01-01-02-06.wav,True,surprised,normal
actors_speech/Actor_06/03-01-08-01-02-01-06.wav,True,surprised,normal
actors_speech/Actor_06/03-01-08-01-02-02-06.wav,True,surprised,normal
actors_speech/Actor_06/03-01-08-02-01-01-06.wav,True,surprised,strong
actors_speech/Actor_06/03-01-08-02-01-02-06.wav,True,surprised,strong
actors_speech/Actor_06/03-01-08-02-02-01-06.wav,True,surprised,strong
actors_speech/Actor_06/03-01-08-02-02-02-06.wav,True,surprised,strong
actors_speech/Actor_07/03-01-01-01-01-01-07.wav,True,neutral,normal
actors_speech/Actor_07/03-01-01-01-01-02-07.wav,True,neutral,normal
actors_speech/Actor_07/03-01-01-01-02-01-07.wav,True,neutral,normal
actors_speech/Actor_07/03-01-01-01-02-02-07.wav,True,neutral,normal
actors_speech/Actor_07/03-01-02-01-01-01-07.wav,True,calm,normal
actors_speech/Actor_07/03-01-02-01-01-02-07.wav,True,calm,normal
actors_speech/Actor_07/03-01-02-01-02-01-07.wav,True,calm,normal
actors_speech/Actor_07/03-01-02-01-02-02-07.wav,True,calm,normal
actors_speech/Actor_07/03-01-02-02-01-01-07.wav,True,calm,strong
actors_speech/Actor_07/03-01-02-02-01-02-07.wav,True,calm,strong
actors_speech/Actor_07/03-01-02-02-02-01-07.wav,True,calm,strong
actors_speech/Actor_07/03-01-02-02-02-02-07.wav,True,calm,strong
actors_speech/Actor_07/03-01-03-01-01-01-07.wav,True,happy,normal
actors_speech/Actor_07/03-01-03-01-01-02-07.wav,True,happy,normal
actors_speech/Actor_07/03-01-03-01-02-01-07.wav,True,happy,normal
actors_speech/Actor_07/03-01-03-01-02-02-07.wav,True,happy,normal
actors_speech/Actor_07/03-01-03-02-01-01-07.wav,True,happy,strong
actors_speech/Actor_07/03-01-03-02-01-02-07.wav,True,happy,strong
actors_speech/Actor_07/03-01-03-02-02-01-07.wav,True,happy,strong
actors_speech/Actor_07/03-01-03-02-02-02-07.wav,True,happy,strong
actors_speech/Actor_07/03-01-04-01-01-01-07.wav,True,sad,normal
actors_speech/Actor_07/03-01-04-01-01-02-07.wav,True,sad,normal
actors_speech/Actor_07/03-01-04-01-02-01-07.wav,True,sad,normal
actors_speech/Actor_07/03-01-04-01-02-02-07.wav,True,sad,normal
actors_speech/Actor_07/03-01-04-02-01-01-07.wav,True,sad,strong
actors_speech/Actor_07/03-01-04-02-01-02-07.wav,True,sad,strong
actors_speech/Actor_07/03-01-04-02-02-01-07.wav,True,sad,strong
actors_speech/Actor_07/03-01-04-02-02-02-07.wav,True,sad,strong
actors_speech/Actor_07/03-01-05-01-01-01-07.wav,True,angry,normal
actors_speech/Actor_07/03-01-05-01-01-02-07.wav,True,angry,normal
actors_speech/Actor_07/03-01-05-01-02-01-07.wav,True,angry,normal
actors_speech/Actor_07/03-01-05-01-02-02-07.wav,True,angry,normal
actors_speech/Actor_07/03-01-05-02-01-01-07.wav,True,angry,strong
actors_speech/Actor_07/03-01-05-02-01-02-07.wav,True,angry,strong
actors_speech/Actor_07/03-01-05-02-02-01-07.wav,True,angry,strong
actors_speech/Actor_07/03-01-05-02-02-02-07.wav,True,angry,strong
actors_speech/Actor_07/03-01-06-01-01-01-07.wav,True,fearful,normal
actors_speech/Actor_07/03-01-06-01-01-02-07.wav,True,fearful,normal
actors_speech/Actor_07/03-01-06-01-02-01-07.wav,True,fearful,normal
actors_speech/Actor_07/03-01-06-01-02-02-07.wav,True,fearful,normal
actors_speech/Actor_07/03-01-06-02-01-01-07.wav,True,fearful,strong
actors_speech/Actor_07/03-01-06-02-01-02-07.wav,True,fearful,strong
actors_speech/Actor_07/03-01-06-02-02-01-07.wav,True,fearful,strong
actors_speech/Actor_07/03-01-06-02-02-02-07.wav,True,fearful,strong
actors_speech/Actor_07/03-01-07-01-01-01-07.wav,True,disgust,normal
actors_speech/Actor_07/03-01-07-01-01-02-07.wav,True,disgust,normal
actors_speech/Actor_07/03-01-07-01-02-01-07.wav,True,disgust,normal
actors_speech/Actor_07/03-01-07-01-02-02-07.wav,True,disgust,normal
actors_speech/Actor_07/03-01-07-02-01-01-07.wav,True,disgust,strong
actors_speech/Actor_07/03-01-07-02-01-02-07.wav,True,disgust,strong
actors_speech/Actor_07/03-01-07-02-02-01-07.wav,True,disgust,strong
actors_speech/Actor_07/03-01-07-02-02-02-07.wav,True,disgust,strong
actors_speech/Actor_07/03-01-08-01-01-01-07.wav,True,surprised,normal
actors_speech/Actor_07/03-01-08-01-01-02-07.wav,True,surprised,normal
actors_speech/Actor_07/03-01-08-01-02-01-07.wav,True,surprised,normal
actors_speech/Actor_07/03-01-08-01-02-02-07.wav,True,surprised,normal
actors_speech/Actor_07/03-01-08-02-01-01-07.wav,True,surprised,strong
actors_speech/Actor_07/03-01-08-02-01-02-07.wav,True,surprised,strong
actors_speech/Actor_07/03-01-08-02-02-01-07.wav,True,surprised,strong
actors_speech/Actor_07/03-01-08-02-02-02-07.wav,True,surprised,strong
actors_speech/Actor_08/03-01-01-01-01-01-08.wav,True,neutral,normal
actors_speech/Actor_08/03-01-01-01-01-02-08.wav,True,neutral,normal
actors_speech/Actor_08/03-01-01-01-02-01-08.wav,True,neutral,normal
actors_speech/Actor_08/03-01-01-01-02-02-08.wav,True,neutral,normal
actors_speech/Actor_08/03-01-02-01-01-01-08.wav,True,calm,normal
actors_speech/Actor_08/03-01-02-01-01-02-08.wav,True,calm,normal
actors_speech/Actor_08/03-01-02-01-02-01-08.wav,True,calm,normal
actors_speech/Actor_08/03-01-02-01-02-02-08.wav,True,calm,normal
actors_speech/Actor_08/03-01-02-02-01-01-08.wav,True,calm,strong
actors_speech/Actor_08/03-01-02-02-01-02-08.wav,True,calm,strong
actors_speech/Actor_08/03-01-02-02-02-01-08.wav,True,calm,strong
actors_speech/Actor_08/03-01-02-02-02-02-08.wav,True,calm,strong
actors_speech/Actor_08/03-01-03-01-01-01-08.wav,True,happy,normal
actors_speech/Actor_08/03-01-03-01-01-02-08.wav,True,happy,normal
actors_speech/Actor_08/03-01-03-01-02-01-08.wav,True,happy,normal
actors_speech/Actor_08/03-01-03-01-02-02-08.wav,True,happy,normal
actors_speech/Actor_08/03-01-03-02-01-01-08.wav,True,happy,strong
actors_speech/Actor_08/03-01-03-02-01-02-08.wav,True,happy,strong
actors_speech/Actor_08/03-01-03-02-02-01-08.wav,True,happy,strong
actors_speech/Actor_08/03-01-03-02-02-02-08.wav,True,happy,strong
actors_speech/Actor_08/03-01-04-01-01-01-08.wav,True,sad,normal
actors_speech/Actor_08/03-01-04-01-01-02-08.wav,True,sad,normal
actors_speech/Actor_08/03-01-04-01-02-01-08.wav,True,sad,normal
actors_speech/Actor_08/03-01-04-01-02-02-08.wav,True,sad,normal
actors_speech/Actor_08/03-01-04-02-01-01-08.wav,True,sad,strong
actors_speech/Actor_08/03-01-04-02-01-02-08.wav,True,sad,strong
actors_speech/Actor_08/03-01-04-02-02-01-08.wav,True,sad,strong
actors_speech/Actor_08/03-01-04-02-02-02-08.wav,True,sad,strong
actors_speech/Actor_08/03-01-05-01-01-01-08.wav,True,angry,normal
actors_speech/Actor_08/03-01-05-01-01-02-08.wav,True,angry,normal
actors_speech/Actor_08/03-01-05-01-02-01-08.wav,True,angry,normal
actors_speech/Actor_08/03-01-05-01-02-02-08.wav,True,angry,normal
actors_speech/Actor_08/03-01-05-02-01-01-08.wav,True,angry,strong
actors_speech/Actor_08/03-01-05-02-01-02-08.wav,True,angry,strong
actors_speech/Actor_08/03-01-05-02-02-01-08.wav,True,angry,strong
actors_speech/Actor_08/03-01-05-02-02-02-08.wav,True,angry,strong
actors_speech/Actor_08/03-01-06-01-01-01-08.wav,True,fearful,normal
actors_speech/Actor_08/03-01-06-01-01-02-08.wav,True,fearful,normal
actors_speech/Actor_08/03-01-06-01-02-01-08.wav,True,fearful,normal
actors_speech/Actor_08/03-01-06-01-02-02-08.wav,True,fearful,normal
actors_speech/Actor_08/03-01-06-02-01-01-08.wav,True,fearful,strong
actors_speech/Actor_08/03-01-06-02-01-02-08.wav,True,fearful,strong
actors_speech/Actor_08/03-01-06-02-02-01-08.wav,True,fearful,strong
actors_speech/Actor_08/03-01-06-02-02-02-08.wav,True,fearful,strong
actors_speech/Actor_08/03-01-07-01-01-01-08.wav,True,disgust,normal
actors_speech/Actor_08/03-01-07-01-01-02-08.wav,True,disgust,normal
actors_speech/Actor_08/03-01-07-01-02-01-08.wav,True,disgust,normal
actors_speech/Actor_08/03-01-07-01-02-02-08.wav,True,disgust,normal
actors_speech/Actor_08/03-01-07-02-01-01-08.wav,True,disgust,strong
actors_speech/Actor_08/03-01-07-02-01-02-08.wav,True,disgust,strong
actors_speech/Actor_08/03-01-07-02-02-01-08.wav,True,disgust,strong
actors_speech/Actor_08/03-01-07-02-02-02-08.wav,True,disgust,strong
actors_speech/Actor_08/03-01-08-01-01-01-08.wav,True,surprised,normal
actors_speech/Actor_08/03-01-08-01-01-02-08.wav,True,surprised,normal
actors_speech/Actor_08/03-01-08-01-02-01-08.wav,True,surprised,normal
actors_speech/Actor_08/03-01-08-01-02-02-08.wav,True,surprised,normal
actors_speech/Actor_08/03-01-08-02-01-01-08.wav,True,surprised,strong
actors_speech/Actor_08/03-01-08-02-01-02-08.wav,True,surprised,strong
actors_speech/Actor_08/03-01-08-02-02-01-08.wav,True,surprised,strong
actors_speech/Actor_08/03-01-08-02-02-02-08.wav,True,surprised,strong
actors_speech/Actor_09/03-01-01-01-01-01-09.wav,True,neutral,normal
actors_speech/Actor_09/03-01-01-01-01-02-09.wav,True,neutral,normal
actors_speech/Actor_09/03-01-01-01-02-01-09.wav,True,neutral,normal
actors_speech/Actor_09/03-01-01-01-02-02-09.wav,True,neutral,normal
actors_speech/Actor_09/03-01-02-01-01-01-09.wav,True,calm,normal
actors_speech/Actor_09/03-01-02-01-01-02-09.wav,True,calm,normal
actors_speech/Actor_09/03-01-02-01-02-01-09.wav,True,calm,normal
actors_speech/Actor_09/03-01-02-01-02-02-09.wav,True,calm,normal
actors_speech/Actor_09/03-01-02-02-01-01-09.wav,True,calm,strong
actors_speech/Actor_09/03-01-02-02-01-02-09.wav,True,calm,strong
actors_speech/Actor_09/03-01-02-02-02-01-09.wav,True,calm,strong
actors_speech/Actor_09/03-01-02-02-02-02-09.wav,True,calm,strong
actors_speech/Actor_09/03-01-03-01-01-01-09.wav,True,happy,normal
actors_speech/Actor_09/03-01-03-01-01-02-09.wav,True,happy,normal
actors_speech/Actor_09/03-01-03-01-02-01-09.wav,True,happy,normal
actors_speech/Actor_09/03-01-03-01-02-02-09.wav,True,happy,normal
actors_speech/Actor_09/03-01-03-02-01-01-09.wav,True,happy,strong
actors_speech/Actor_09/03-01-03-02-01-02-09.wav,True,happy,strong
actors_speech/Actor_09/03-01-03-02-02-01-09.wav,True,happy,strong
actors_speech/Actor_09/03-01-03-02-02-02-09.wav,True,happy,strong
actors_speech/Actor_09/03-01-04-01-01-01-09.wav,True,sad,normal
actors_speech/Actor_09/03-01-04-01-01-02-09.wav,True,sad,normal
actors_speech/Actor_09/03-01-04-01-02-01-09.wav,True,sad,normal
actors_speech/Actor_09/03-01-04-01-02-02-09.wav,True,sad,normal
actors_speech/Actor_09/03-01-04-02-01-01-09.wav,True,sad,strong
actors_speech/Actor_09/03-01-04-02-01-02-09.wav,True,sad,strong
actors_speech/Actor_09/03-01-04-02-02-01-09.wav,True,sad,strong
actors_speech/Actor_09/03-01-04-02-02-02-09.wav,True,sad,strong
actors_speech/Actor_09/03-01-05-01-01-01-09.wav,True,angry,normal
actors_speech/Actor_09/03-01-05-01-01-02-09.wav,True,angry,normal
actors_speech/Actor_09/03-01-05-01-02-01-09.wav,True,angry,normal
actors_speech/Actor_09/03-01-05-01-02-02-09.wav,True,angry,normal
actors_speech/Actor_09/03-01-05-02-01-01-09.wav,True,angry,strong
actors_speech/Actor_09/03-01-05-02-01-02-09.wav,True,angry,strong
actors_speech/Actor_09/03-01-05-02-02-01-09.wav,True,angry,strong
actors_speech/Actor_09/03-01-05-02-02-02-09.wav,True,angry,strong
actors_speech/Actor_09/03-01-06-01-01-01-09.wav,True,fearful,normal
actors_speech/Actor_09/03-01-06-01-01-02-09.wav,True,fearful,normal
actors_speech/Actor_09/03-01-06-01-02-01-09.wav,True,fearful,normal
actors_speech/Actor_09/03-01-06-01-02-02-09.wav,True,fearful,normal
actors_speech/Actor_09/03-01-06-02-01-01-09.wav,True,fearful,strong
actors_speech/Actor_09/03-01-06-02-01-02-09.wav,True,fearful,strong
actors_speech/Actor_09/03-01-06-02-02-01-09.wav,True,fearful,strong
actors_speech/Actor_09/03-01-06-02-02-02-09.wav,True,fearful,strong
actors_speech/Actor_09/03-01-07-01-01-01-09.wav,True,disgust,normal
actors_speech/Actor_09/03-01-07-01-01-02-09.wav,True,disgust,normal
actors_speech/Actor_09/03-01-07-01-02-01-09.wav,True,disgust,normal
actors_speech/Actor_09/03-01-07-01-02-02-09.wav,True,disgust,normal
actors_speech/Actor_09/03-01-07-02-01-01-09.wav,True,disgust,strong
actors_speech/Actor_09/03-01-07-02-01-02-09.wav,True,disgust,strong
actors_speech/Actor_09/03-01-07-02-02-01-09.wav,True,disgust,strong
actors_speech/Actor_09/03-01-07-02-02-02-09.wav,True,disgust,strong
actors_speech/Actor_09/03-01-08-01-01-01-09.wav,True,surprised,normal
actors_speech/Actor_09/03-01-08-01-01-02-09.wav,True,surprised,normal
actors_speech/Actor_09/03-01-08-01-02-01-09.wav,True,surprised,normal
actors_speech/Actor_09/03-01-08-01-02-02-09.wav,True,surprised,normal
actors_speech/Actor_09/03-01-08-02-01-01-09.wav,True,surprised,strong
actors_speech/Actor_09/03-01-08-02-01-02-09.wav,True,surprised,strong
actors_speech/Actor_09/03-01-08-02-02-01-09.wav,True,surprised,strong
actors_speech/Actor_09/03-01-08-02-02-02-09.wav,True,surprised,strong
actors_speech/Actor_10/03-01-01-01-01-01-10.wav,True,neutral,normal
actors_speech/Actor_10/03-01-01-01-01-02-10.wav,True,neutral,normal
actors_speech/Actor_10/03-01-01-01-02-01-10.wav,True,neutral,normal
actors_speech/Actor_10/03-01-01-01-02-02-10.wav,True,neutral,normal
actors_speech/Actor_10/03-01-02-01-01-01-10.wav,True,calm,normal
actors_speech/Actor_10/03-01-02-01-01-02-10.wav,True,calm,normal
actors_speech/Actor_10/03-01-02-01-02-01-10.wav,True,calm,normal
actors_speech/Actor_10/03-01-02-01-02-02-10.wav,True,calm,normal
actors_speech/Actor_10/03-01-02-02-01-01-10.wav,True,calm,strong
actors_speech/Actor_10/03-01-02-02-01-02-10.wav,True,calm,strong
actors_speech/Actor_10/03-01-02-02-02-01-10.wav,True,calm,strong
actors_speech/Actor_10/03-01-02-02-02-02-10.wav,True,calm,strong
actors_speech/Actor_10/03-01-03-01-01-01-10.wav,True,happy,normal
actors_speech/Actor_10/03-01-03-01-01-02-10.wav,True,happy,normal
actors_speech/Actor_10/03-01-03-01-02-01-10.wav,True,happy,normal
actors_speech/Actor_10/03-01-03-01-02-02-10.wav,True,happy,normal
actors_speech/Actor_10/03-01-03-02-01-01-10.wav,True,happy,strong
actors_speech/Actor_10/03-01-03-02-01-02-10.wav,True,happy,strong
actors_speech/Actor_10/03-01-03-02-02-01-10.wav,True,happy,strong
actors_speech/Actor_10/03-01-03-02-02-02-10.wav,True,happy,strong
actors_speech/Actor_10/03-01-04-01-01-01-10.wav,True,sad,normal
actors_speech/Actor_10/03-01-04-01-01-02-10.wav,True,sad,normal
actors_speech/Actor_10/03-01-04-01-02-01-10.wav,True,sad,normal
actors_speech/Actor_10/03-01-04-01-02-02-10.wav,True,sad,normal
actors_speech/Actor_10/03-01-04-02-01-01-10.wav,True,sad,strong
actors_speech/Actor_10/03-01-04-02-01-02-10.wav,True,sad,strong
actors_speech/Actor_10/03-01-04-02-02-01-10.wav,True,sad,strong
actors_speech/Actor_10/03-01-04-02-02-02-10.wav,True,sad,strong
actors_speech/Actor_10/03-01-05-01-01-01-10.wav,True,angry,normal
actors_speech/Actor_10/03-01-05-01-01-02-10.wav,True,angry,normal
actors_speech/Actor_10/03-01-05-01-02-01-10.wav,True,angry,normal
actors_speech/Actor_10/03-01-05-01-02-02-10.wav,True,angry,normal
actors_speech/Actor_10/03-01-05-02-01-01-10.wav,True,angry,strong
actors_speech/Actor_10/03-01-05-02-01-02-10.wav,True,angry,strong
actors_speech/Actor_10/03-01-05-02-02-01-10.wav,True,angry,strong
actors_speech/Actor_10/03-01-05-02-02-02-10.wav,True,angry,strong
actors_speech/Actor_10/03-01-06-01-01-01-10.wav,True,fearful,normal
actors_speech/Actor_10/03-01-06-01-01-02-10.wav,True,fearful,normal
actors_speech/Actor_10/03-01-06-01-02-01-10.wav,True,fearful,normal
actors_speech/Actor_10/03-01-06-01-02-02-10.wav,True,fearful,normal
actors_speech/Actor_10/03-01-06-02-01-01-10.wav,True,fearful,strong
actors_speech/Actor_10/03-01-06-02-01-02-10.wav,True,fearful,strong
actors_speech/Actor_10/03-01-06-02-02-01-10.wav,True,fearful,strong
actors_speech/Actor_10/03-01-06-02-02-02-10.wav,True,fearful,strong
actors_speech/Actor_10/03-01-07-01-01-01-10.wav,True,disgust,normal
actors_speech/Actor_10/03-01-07-01-01-02-10.wav,True,disgust,normal
actors_speech/Actor_10/03-01-07-01-02-01-10.wav,True,disgust,normal
actors_speech/Actor_10/03-01-07-01-02-02-10.wav,True,disgust,normal
actors_speech/Actor_10/03-01-07-02-01-01-10.wav,True,disgust,strong
actors_speech/Actor_10/03-01-07-02-01-02-10.wav,True,disgust,strong
actors_speech/Actor_10/03-01-07-02-02-01-10.wav,True,disgust,strong
actors_speech/Actor_10/03-01-07-02-02-02-10.wav,True,disgust,strong
actors_speech/Actor_10/03-01-08-01-01-01-10.wav,True,surprised,normal
actors_speech/Actor_10/03-01-08-01-01-02-10.wav,True,surprised,normal
actors_speech/Actor_10/03-01-08-01-02-01-10.wav,True,surprised,normal
actors_speech/Actor_10/03-01-08-01-02-02-10.wav,True,surprised,normal
actors_speech/Actor_10/03-01-08-02-01-01-10.wav,True,surprised,strong
actors_speech/Actor_10/03-01-08-02-01-02-10.wav,True,surprised,strong
actors_speech/Actor_10/03-01-08-02-02-01-10.wav,True,surprised,strong
actors_speech/Actor_10/03-01-08-02-02-02-10.wav,True,surprised,strong
actors_speech/Actor_11/03-01-01-01-01-01-11.wav,True,neutral,normal
actors_speech/Actor_11/03-01-01-01-01-02-11.wav,True,neutral,normal
actors_speech/Actor_11/03-01-01-01-02-01-11.wav,True,neutral,normal
actors_speech/Actor_11/03-01-01-01-02-02-11.wav,True,neutral,normal
actors_speech/Actor_11/03-01-02-01-01-01-11.wav,True,calm,normal
actors_speech/Actor_11/03-01-02-01-01-02-11.wav,True,calm,normal
actors_speech/Actor_11/03-01-02-01-02-01-11.wav,True,calm,normal
actors_speech/Actor_11/03-01-02-01-02-02-11.wav,True,calm,normal
actors_speech/Actor_11/03-01-02-02-01-01-11.wav,True,calm,strong
actors_speech/Actor_11/03-01-02-02-01-02-11.wav,True,calm,strong
actors_speech/Actor_11/03-01-02-02-02-01-11.wav,True,calm,strong
actors_speech/Actor_11/03-01-02-02-02-02-11.wav,True,calm,strong
actors_speech/Actor_11/03-01-03-01-01-01-11.wav,True,happy,normal
actors_speech/Actor_11/03-01-03-01-01-02-11.wav,True,happy,normal
actors_speech/Actor_11/03-01-03-01-02-01-11.wav,True,happy,normal
actors_speech/Actor_11/03-01-03-01-02-02-11.wav,True,happy,normal
actors_speech/Actor_11/03-01-03-02-01-01-11.wav,True,happy,strong
actors_speech/Actor_11/03-01-03-02-01-02-11.wav,True,happy,strong
actors_speech/Actor_11/03-01-03-02-02-01-11.wav,True,happy,strong
actors_speech/Actor_11/03-01-03-02-02-02-11.wav,True,happy,strong
actors_speech/Actor_11/03-01-04-01-01-01-11.wav,True,sad,normal
actors_speech/Actor_11/03-01-04-01-01-02-11.wav,True,sad,normal
actors_speech/Actor_11/03-01-04-01-02-01-11.wav,True,sad,normal
actors_speech/Actor_11/03-01-04-01-02-02-11.wav,True,sad,normal
actors_speech/Actor_11/03-01-04-02-01-01-11.wav,True,sad,strong
actors_speech/Actor_11/03-01-04-02-01-02-11.wav,True,sad,strong
actors_speech/Actor_11/03-01-04-02-02-01-11.wav,True,sad,strong
actors_speech/Actor_11/03-01-04-02-02-02-11.wav,True,sad,strong
actors_speech/Actor_11/03-01-05-01-01-01-11.wav,True,angry,normal
actors_speech/Actor_11/03-01-05-01-01-02-11.wav,True,angry,normal
actors_speech/Actor_11/03-01-05-01-02-01-11.wav,True,angry,normal
actors_speech/Actor_11/03-01-05-01-02-02-11.wav,True,angry,normal
actors_speech/Actor_11/03-01-05-02-01-01-11.wav,True,angry,strong
actors_speech/Actor_11/03-01-05-02-01-02-11.wav,True,angry,strong
actors_speech/Actor_11/03-01-05-02-02-01-11.wav,True,angry,strong
actors_speech/Actor_11/03-01-05-02-02-02-11.wav,True,angry,strong
actors_speech/Actor_11/03-01-06-01-01-01-11.wav,True,fearful,normal
actors_speech/Actor_11/03-01-06-01-01-02-11.wav,True,fearful,normal
actors_speech/Actor_11/03-01-06-01-02-01-11.wav,True,fearful,normal
actors_speech/Actor_11/03-01-06-01-02-02-11.wav,True,fearful,normal
actors_speech/Actor_11/03-01-06-02-01-01-11.wav,True,fearful,strong
actors_speech/Actor_11/03-01-06-02-01-02-11.wav,True,fearful,strong
actors_speech/Actor_11/03-01-06-02-02-01-11.wav,True,fearful,strong
actors_speech/Actor_11/03-01-06-02-02-02-11.wav,True,fearful,strong
actors_speech/Actor_11/03-01-07-01-01-01-11.wav,True,disgust,normal
actors_speech/Actor_11/03-01-07-01-01-02-11.wav,True,disgust,normal
actors_speech/Actor_11/03-01-07-01-02-01-11.wav,True,disgust,normal
actors_speech/Actor_11/03-01-07-01-02-02-11.wav,True,disgust,normal
actors_speech/Actor_11/03-01-07-02-01-01-11.wav,True,disgust,strong
actors_speech/Actor_11/03-01-07-02-01-02-11.wav,True,disgust,strong
actors_speech/Actor_11/03-01-07-02-02-01-11.wav,True,disgust,strong
actors_speech/Actor_11/03-01-07-02-02-02-11.wav,True,disgust,strong
actors_speech/Actor_11/03-01-08-01-01-01-11.wav,True,surprised,normal
actors_speech/Actor_11/03-01-08-01-01-02-11.wav,True,surprised,normal
actors_speech/Actor_11/03-01-08-01-02-01-11.wav,True,surprised,normal
actors_speech/Actor_11/03-01-08-01-02-02-11.wav,True,surprised,normal
actors_speech/Actor_11/03-01-08-02-01-01-11.wav,True,surprised,strong
actors_speech/Actor_11/03-01-08-02-01-02-11.wav,True,surprised,strong
actors_speech/Actor_11/03-01-08-02-02-01-11.wav,True,surprised,strong
actors_speech/Actor_11/03-01-08-02-02-02-11.wav,True,surprised,strong
actors_speech/Actor_12/03-01-01-01-01-01-12.wav,True,neutral,normal
actors_speech/Actor_12/03-01-01-01-01-02-12.wav,True,neutral,normal
actors_speech/Actor_12/03-01-01-01-02-01-12.wav,True,neutral,normal
actors_speech/Actor_12/03-01-01-01-02-02-12.wav,True,neutral,normal
actors_speech/Actor_12/03-01-02-01-01-01-12.wav,True,calm,normal
actors_speech/Actor_12/03-01-02-01-01-02-12.wav,True,calm,normal
actors_speech/Actor_12/03-01-02-01-02-01-12.wav,True,calm,normal
actors_speech/Actor_12/03-01-02-01-02-02-12.wav,True,calm,normal
actors_speech/Actor_12/03-01-02-02-01-01-12.wav,True,calm,strong
actors_speech/Actor_12/03-01-02-02-01-02-12.wav,True,calm,strong
actors_speech/Actor_12/03-01-02-02-02-01-12.wav,True,calm,strong
actors_speech/Actor_12/03-01-02-02-02-02-12.wav,True,calm,strong
actors_speech/Actor_12/03-01-03-01-01-01-12.wav,True,happy,normal
actors_speech/Actor_12/03-01-03-01-01-02-12.wav,True,happy,normal
actors_speech/Actor_12/03-01-03-01-02-01-12.wav,True,happy,normal
actors_speech/Actor_12/03-01-03-01-02-02-12.wav,True,happy,normal
actors_speech/Actor_12/03-01-03-02-01-01-12.wav,True,happy,strong
actors_speech/Actor_12/03-01-03-02-01-02-12.wav,True,happy,strong
actors_speech/Actor_12/03-01-03-02-02-01-12.wav,True,happy,strong
actors_speech/Actor_12/03-01-03-02-02-02-12.wav,True,happy,strong
actors_speech/Actor_12/03-01-04-01-01-01-12.wav,True,sad,normal
actors_speech/Actor_12/03-01-04-01-01-02-12.wav,True,sad,normal
actors_speech/Actor_12/03-01-04-01-02-01-12.wav,True,sad,normal
actors_speech/Actor_12/03-01-04-01-02-02-12.wav,True,sad,normal
actors_speech/Actor_12/03-01-04-02-01-01-12.wav,True,sad,strong
actors_speech/Actor_12/03-01-04-02-01-02-12.wav,True,sad,strong
actors_speech/Actor_12/03-01-04-02-02-01-12.wav,True,sad,strong
actors_speech/Actor_12/03-01-04-02-02-02-12.wav,True,sad,strong
actors_speech/Actor_12/03-01-05-01-01-01-12.wav,True,angry,normal
actors_speech/Actor_12/03-01-05-01-01-02-12.wav,True,angry,normal
actors_speech/Actor_12/03-01-05-01-02-01-12.wav,True,angry,normal
actors_speech/Actor_12/03-01-05-01-02-02-12.wav,True,angry,normal
actors_speech/Actor_12/03-01-05-02-01-01-12.wav,True,angry,strong
actors_speech/Actor_12/03-01-05-02-01-02-12.wav,True,angry,strong
actors_speech/Actor_12/03-01-05-02-02-01-12.wav,True,angry,strong
actors_speech/Actor_12/03-01-05-02-02-02-12.wav,True,angry,strong
actors_speech/Actor_12/03-01-06-01-01-01-12.wav,True,fearful,normal
actors_speech/Actor_12/03-01-06-01-01-02-12.wav,True,fearful,normal
actors_speech/Actor_12/03-01-06-01-02-01-12.wav,True,fearful,normal
actors_speech/Actor_12/03-01-06-01-02-02-12.wav,True,fearful,normal
actors_speech/Actor_12/03-01-06-02-01-01-12.wav,True,fearful,strong
actors_speech/Actor_12/03-01-06-02-01-02-12.wav,True,fearful,strong
actors_speech/Actor_12/03-01-06-02-02-01-12.wav,True,fearful,strong
actors_speech/Actor_12/03-01-06-02-02-02-12.wav,True,fearful,strong
actors_speech/Actor_12/03-01-07-01-01-01-12.wav,True,disgust,normal
actors_speech/Actor_12/03-01-07-01-01-02-12.wav,True,disgust,normal
actors_speech/Actor_12/03-01-07-01-02-01-12.wav,True,disgust,normal
actors_speech/Actor_12/03-01-07-01-02-02-12.wav,True,disgust,normal
actors_speech/Actor_12/03-01-07-02-01-01-12.wav,True,disgust,strong
actors_speech/Actor_12/03-01-07-02-01-02-12.wav,True,disgust,strong
actors_speech/Actor_12/03-01-07-02-02-01-12.wav,True,disgust,strong
actors_speech/Actor_12/03-01-07-02-02-02-12.wav,True,disgust,strong
actors_speech/Actor_12/03-01-08-01-01-01-12.wav,True,surprised,normal
actors_speech/Actor_12/03-01-08-01-01-02-12.wav,True,surprised,normal
actors_speech/Actor_12/03-01-08-01-02-01-12.wav,True,surprised,normal
actors_speech/Actor_12/03-01-08-01-02-02-12.wav,True,surprised,normal
actors_speech/Actor_12/03-01-08-02-01-01-12.wav,True,surprised,strong
actors_speech/Actor_12/03-01-08-02-01-02-12.wav,True,surprised,strong
actors_speech/Actor_12/03-01-08-02-02-01-12.wav,True,surprised,strong
actors_speech/Actor_12/03-01-08-02-02-02-12.wav,True,surprised,strong
actors_speech/Actor_13/03-01-01-01-01-01-13.wav,True,neutral,normal
actors_speech/Actor_13/03-01-01-01-01-02-13.wav,True,neutral,normal
actors_speech/Actor_13/03-01-01-01-02-01-13.wav,True,neutral,normal
actors_speech/Actor_13/03-01-01-01-02-02-13.wav,True,neutral,normal
actors_speech/Actor_13/03-01-02-01-01-01-13.wav,True,calm,normal
actors_speech/Actor_13/03-01-02-01-01-02-13.wav,True,calm,normal
actors_speech/Actor_13/03-01-02-01-02-01-13.wav,True,calm,normal
actors_speech/Actor_13/03-01-02-01-02-02-13.wav,True,calm,normal
actors_speech/Actor_13/03-01-02-02-01-01-13.wav,True,calm,strong
actors_speech/Actor_13/03-01-02-02-01-02-13.wav,True,calm,strong
actors_speech/Actor_13/03-01-02-02-02-01-13.wav,True,calm,strong
actors_speech/Actor_13/03-01-02-02-02-02-13.wav,True,calm,strong
actors_speech/Actor_13/03-01-03-01-01-01-13.wav,True,happy,normal
actors_speech/Actor_13/03-01-03-01-01-02-13.wav,True,happy,normal
actors_speech/Actor_13/03-01-03-01-02-01-13.wav,True,happy,normal
actors_speech/Actor_13/03-01-03-01-02-02-13.wav,True,happy,normal
actors_speech/Actor_13/03-01-03-02-01-01-13.wav,True,happy,strong
actors_speech/Actor_13/03-01-03-02-01-02-13.wav,True,happy,strong
actors_speech/Actor_13/03-01-03-02-02-01-13.wav,True,happy,strong
actors_speech/Actor_13/03-01-03-02-02-02-13.wav,True,happy,strong
actors_speech/Actor_13/03-01-04-01-01-01-13.wav,True,sad,normal
actors_speech/Actor_13/03-01-04-01-01-02-13.wav,True,sad,normal
actors_speech/Actor_13/03-01-04-01-02-01-13.wav,True,sad,normal
actors_speech/Actor_13/03-01-04-01-02-02-13.wav,True,sad,normal
actors_speech/Actor_13/03-01-04-02-01-01-13.wav,True,sad,strong
actors_speech/Actor_13/03-01-04-02-01-02-13.wav,True,sad,strong
actors_speech/Actor_13/03-01-04-02-02-01-13.wav,True,sad,strong
actors_speech/Actor_13/03-01-04-02-02-02-13.wav,True,sad,strong
actors_speech/Actor_13/03-01-05-01-01-01-13.wav,True,angry,normal
actors_speech/Actor_13/03-01-05-01-01-02-13.wav,True,angry,normal
actors_speech/Actor_13/03-01-05-01-02-01-13.wav,True,angry,normal
actors_speech/Actor_13/03-01-05-01-02-02-13.wav,True,angry,normal
actors_speech/Actor_13/03-01-05-02-01-01-13.wav,True,angry,strong
actors_speech/Actor_13/03-01-05-02-01-02-13.wav,True,angry,strong
actors_speech/Actor_13/03-01-05-02-02-01-13.wav,True,angry,strong
actors_speech/Actor_13/03-01-05-02-02-02-13.wav,True,angry,strong
actors_speech/Actor_13/03-01-06-01-01-01-13.wav,True,fearful,normal
actors_speech/Actor_13/03-01-06-01-01-02-13.wav,True,fearful,normal
actors_speech/Actor_13/03-01-06-01-02-01-13.wav,True,fearful,normal
actors_speech/Actor_13/03-01-06-01-02-02-13.wav,True,fearful,normal
actors_speech/Actor_13/03-01-06-02-01-01-13.wav,True,fearful,strong
actors_speech/Actor_13/03-01-06-02-01-02-13.wav,True,fearful,strong
actors_speech/Actor_13/03-01-06-02-02-01-13.wav,True,fearful,strong
actors_speech/Actor_13/03-01-06-02-02-02-13.wav,True,fearful,strong
actors_speech/Actor_13/03-01-07-01-01-01-13.wav,True,disgust,normal
actors_speech/Actor_13/03-01-07-01-01-02-13.wav,True,disgust,normal
actors_speech/Actor_13/03-01-07-01-02-01-13.wav,True,disgust,normal
actors_speech/Actor_13/03-01-07-01-02-02-13.wav,True,disgust,normal
actors_speech/Actor_13/03-01-07-02-01-01-13.wav,True,disgust,strong
actors_speech/Actor_13/03-01-07-02-01-02-13.wav,True,disgust,strong
actors_speech/Actor_13/03-01-07-02-02-01-13.wav,True,disgust,strong
actors_speech/Actor_13/03-01-07-02-02-02-13.wav,True,disgust,strong
actors_speech/Actor_13/03-01-08-01-01-01-13.wav,True,surprised,normal
actors_speech/Actor_13/03-01-08-01-01-02-13.wav,True,surprised,normal
actors_speech/Actor_13/03-01-08-01-02-01-13.wav,True,surprised,normal
actors_speech/Actor_13/03-01-08-01-02-02-13.wav,True,surprised,normal
actors_speech/Actor_13/03-01-08-02-01-01-13.wav,True,surprised,strong
actors_speech/Actor_13/03-01-08-02-01-02-13.wav,True,surprised,strong
actors_speech/Actor_13/03-01-08-02-02-01-13.wav,True,surprised,strong
actors_speech/Actor_13/03-01-08-02-02-02-13.wav,True,surprised,strong
actors_speech/Actor_14/03-01-01-01-01-01-14.wav,True,neutral,normal
actors_speech/Actor_14/03-01-01-01-01-02-14.wav,True,neutral,normal
actors_speech/Actor_14/03-01-01-01-02-01-14.wav,True,neutral,normal
actors_speech/Actor_14/03-01-01-01-02-02-14.wav,True,neutral,normal
actors_speech/Actor_14/03-01-02-01-01-01-14.wav,True,calm,normal
actors_speech/Actor_14/03-01-02-01-01-02-14.wav,True,calm,normal
actors_speech/Actor_14/03-01-02-01-02-01-14.wav,True,calm,normal
actors_speech/Actor_14/03-01-02-01-02-02-14.wav,True,calm,normal
actors_speech/Actor_14/03-01-02-02-01-01-14.wav,True,calm,strong
actors_speech/Actor_14/03-01-02-02-01-02-14.wav,True,calm,strong
actors_speech/Actor_14/03-01-02-02-02-01-14.wav,True,calm,strong
actors_speech/Actor_14/03-01-02-02-02-02-14.wav,True,calm,strong
actors_speech/Actor_14/03-01-03-01-01-01-14.wav,True,happy,normal
actors_speech/Actor_14/03-01-03-01-01-02-14.wav,True,happy,normal
actors_speech/Actor_14/03-01-03-01-02-01-14.wav,True,happy,normal
actors_speech/Actor_14/03-01-03-01-02-02-14.wav,True,happy,normal
actors_speech/Actor_14/03-01-03-02-01-01-14.wav,True,happy,strong
actors_speech/Actor_14/03-01-03-02-01-02-14.wav,True,happy,strong
actors_speech/Actor_14/03-01-03-02-02-01-14.wav,True,happy,strong
actors_speech/Actor_14/03-01-03-02-02-02-14.wav,True,happy,strong
actors_speech/Actor_14/03-01-04-01-01-01-14.wav,True,sad,normal
actors_speech/Actor_14/03-01-04-01-01-02-14.wav,True,sad,normal
actors_speech/Actor_14/03-01-04-01-02-01-14.wav,True,sad,normal
actors_speech/Actor_14/03-01-04-01-02-02-14.wav,True,sad,normal
actors_speech/Actor_14/03-01-04-02-01-01-14.wav,True,sad,strong
actors_speech/Actor_14/03-01-04-02-01-02-14.wav,True,sad,strong
actors_speech/Actor_14/03-01-04-02-02-01-14.wav,True,sad,strong
actors_speech/Actor_14/03-01-04-02-02-02-14.wav,True,sad,strong
actors_speech/Actor_14/03-01-05-01-01-01-14.wav,True,angry,normal
actors_speech/Actor_14/03-01-05-01-01-02-14.wav,True,angry,normal
actors_speech/Actor_14/03-01-05-01-02-01-14.wav,True,angry,normal
actors_speech/Actor_14/03-01-05-01-02-02-14.wav,True,angry,normal
actors_speech/Actor_14/03-01-05-02-01-01-14.wav,True,angry,strong
actors_speech/Actor_14/03-01-05-02-01-02-14.wav,True,angry,strong
actors_speech/Actor_14/03-01-05-02-02-01-14.wav,True,angry,strong
actors_speech/Actor_14/03-01-05-02-02-02-14.wav,True,angry,strong
actors_speech/Actor_14/03-01-06-01-01-01-14.wav,True,fearful,normal
actors_speech/Actor_14/03-01-06-01-01-02-14.wav,True,fearful,normal
actors_speech/Actor_14/03-01-06-01-02-01-14.wav,True,fearful,normal
actors_speech/Actor_14/03-01-06-01-02-02-14.wav,True,fearful,normal
actors_speech/Actor_14/03-01-06-02-01-01-14.wav,True,fearful,strong
actors_speech/Actor_14/03-01-06-02-01-02-14.wav,True,fearful,strong
actors_speech/Actor_14/03-01-06-02-02-01-14.wav,True,fearful,strong
actors_speech/Actor_14/03-01-06-02-02-02-14.wav,True,fearful,strong
actors_speech/Actor_14/03-01-07-01-01-01-14.wav,True,disgust,normal
actors_speech/Actor_14/03-01-07-01-01-02-14.wav,True,disgust,normal
actors_speech/Actor_14/03-01-07-01-02-01-14.wav,True,disgust,normal
actors_speech/Actor_14/03-01-07-01-02-02-14.wav,True,disgust,normal
actors_speech/Actor_14/03-01-07-02-01-01-14.wav,True,disgust,strong
actors_speech/Actor_14/03-01-07-02-01-02-14.wav,True,disgust,strong
actors_speech/Actor_14/03-01-07-02-02-01-14.wav,True,disgust,strong
actors_speech/Actor_14/03-01-07-02-02-02-14.wav,True,disgust,strong
actors_speech/Actor_14/03-01-08-01-01-01-14.wav,True,surprised,normal
actors_speech/Actor_14/03-01-08-01-01-02-14.wav,True,surprised,normal
actors_speech/Actor_14/03-01-08-01-02-01-14.wav,True,surprised,normal
actors_speech/Actor_14/03-01-08-01-02-02-14.wav,True,surprised,normal
actors_speech/Actor_14/03-01-08-02-01-01-14.wav,True,surprised,strong
actors_speech/Actor_14/03-01-08-02-01-02-14.wav,True,surprised,strong
actors_speech/Actor_14/03-01-08-02-02-01-14.wav,True,surprised,strong
actors_speech/Actor_14/03-01-08-02-02-02-14.wav,True,surprised,strong
actors_speech/Actor_15/03-01-01-01-01-01-15.wav,True,neutral,normal
actors_speech/Actor_15/03-01-01-01-01-02-15.wav,True,neutral,normal
actors_speech/Actor_15/03-01-01-01-02-01-15.wav,True,neutral,normal
actors_speech/Actor_15/03-01-01-01-02-02-15.wav,True,neutral,normal
actors_speech/Actor_15/03-01-02-01-01-01-15.wav,True,calm,normal
actors_speech/Actor_15/03-01-02-01-01-02-15.wav,True,calm,normal
actors_speech/Actor_15/03-01-02-01-02-01-15.wav,True,calm,normal
actors_speech/Actor_15/03-01-02-01-02-02-15.wav,True,calm,normal
actors_speech/Actor_15/03-01-02-02-01-01-15.wav,True,calm,strong
actors_speech/Actor_15/03-01-02-02-01-02-15.wav,True,calm,strong
actors_speech/Actor_15/03-01-02-02-02-01-15.wav,True,calm,strong
actors_speech/Actor_15/03-01-02-02-02-02-15.wav,True,calm,strong
actors_speech/Actor_15/03-01-03-01-01-01-15.wav,True,happy,normal
actors_speech/Actor_15/03-01-03-01-01-02-15.wav,True,happy,normal
actors_speech/Actor_15/03-01-03-01-02-01-15.wav,True,happy,normal
actors_speech/Actor_15/03-01-03-01-02-02-15.wav,True,happy,normal
actors_speech/Actor_15/03-01-03-02-01-01-15.wav,True,happy,strong
actors_speech/Actor_15/03-01-03-02-01-02-15.wav,True,happy,strong
actors_speech/Actor_15/03-01-03-02-02-01-15.wav,True,happy,strong
actors_speech/Actor_15/03-01-03-02-02-02-15.wav,True,happy,strong
actors_speech/Actor_15/03-01-04-01-01-01-15.wav,True,sad,normal
actors_speech/Actor_15/03-01-04-01-01-02-15.wav,True,sad,normal
actors_speech/Actor_15/03-01-04-01-02-01-15.wav,True,sad,normal
actors_speech/Actor_15/03-01-04-01-02-02-15.wav,True,sad,normal
actors_speech/Actor_15/03-01-04-02-01-01-15.wav,True,sad,strong
actors_speech/Actor_15/03-01-04-02-01-02-15.wav,True,sad,strong
actors_speech/Actor_15/03-01-04-02-02-01-15.wav,True,sad,strong
actors_speech/Actor_15/03-01-04-02-02-02-15.wav,True,sad,strong
actors_speech/Actor_15/03-01-05-01-01-01-15.wav,True,angry,normal
actors_speech/Actor_15/03-01-05-01-01-02-15.wav,True,angry,normal
actors_speech/Actor_15/03-01-05-01-02-01-15.wav,True,angry,normal
actors_speech/Actor_15/03-01-05-01-02-02-15.wav,True,angry,normal
actors_speech/Actor_15/03-01-05-02-01-01-15.wav,True,angry,strong
actors_speech/Actor_15/03-01-05-02-01-02-15.wav,True,angry,strong
actors_speech/Actor_15/03-01-05-02-02-01-15.wav,True,angry,strong
actors_speech/Actor_15/03-01-05-02-02-02-15.wav,True,angry,strong
actors_speech/Actor_15/03-01-06-01-01-01-15.wav,True,fearful,normal
actors_speech/Actor_15/03-01-06-01-01-02-15.wav,True,fearful,normal
actors_speech/Actor_15/03-01-06-01-02-01-15.wav,True,fearful,normal
actors_speech/Actor_15/03-01-06-01-02-02-15.wav,True,fearful,normal
actors_speech/Actor_15/03-01-06-02-01-01-15.wav,True,fearful,strong
actors_speech/Actor_15/03-01-06-02-01-02-15.wav,True,fearful,strong
actors_speech/Actor_15/03-01-06-02-02-01-15.wav,True,fearful,strong
actors_speech/Actor_15/03-01-06-02-02-02-15.wav,True,fearful,strong
actors_speech/Actor_15/03-01-07-01-01-01-15.wav,True,disgust,normal
actors_speech/Actor_15/03-01-07-01-01-02-15.wav,True,disgust,normal
actors_speech/Actor_15/03-01-07-01-02-01-15.wav,True,disgust,normal
actors_speech/Actor_15/03-01-07-01-02-02-15.wav,True,disgust,normal
actors_speech/Actor_15/03-01-07-02-01-01-15.wav,True,disgust,strong
actors_speech/Actor_15/03-01-07-02-01-02-15.wav,True,disgust,strong
actors_speech/Actor_15/03-01-07-02-02-01-15.wav,True,disgust,strong
actors_speech/Actor_15/03-01-07-02-02-02-15.wav,True,disgust,strong
actors_speech/Actor_15/03-01-08-01-01-01-15.wav,True,surprised,normal
actors_speech/Actor_15/03-01-08-01-01-02-15.wav,True,surprised,normal
actors_speech/Actor_15/03-01-08-01-02-01-15.wav,True,surprised,normal
actors_speech/Actor_15/03-01-08-01-02-02-15.wav,True,surprised,normal
actors_speech/Actor_15/03-01-08-02-01-01-15.wav,True,surprised,strong
actors_speech/Actor_15/03-01-08-02-01-02-15.wav,True,surprised,strong
actors_speech/Actor_15/03-01-08-02-02-01-15.wav,True,surprised,strong
actors_speech/Actor_15/03-01-08-02-02-02-15.wav,True,surprised,strong
actors_speech/Actor_16/03-01-01-01-01-01-16.wav,True,neutral,normal
actors_speech/Actor_16/03-01-01-01-01-02-16.wav,True,neutral,normal
actors_speech/Actor_16/03-01-01-01-02-01-16.wav,True,neutral,normal
actors_speech/Actor_16/03-01-01-01-02-02-16.wav,True,neutral,normal
actors_speech/Actor_16/03-01-02-01-01-01-16.wav,True,calm,normal
actors_speech/Actor_16/03-01-02-01-01-02-16.wav,True,calm,normal
actors_speech/Actor_16/03-01-02-01-02-01-16.wav,True,calm,normal
actors_speech/Actor_16/03-01-02-01-02-02-16.wav,True,calm,normal
actors_speech/Actor_16/03-01-02-02-01-01-16.wav,True,calm,strong
actors_speech/Actor_16/03-01-02-02-01-02-16.wav,True,calm,strong
actors_speech/Actor_16/03-01-02-02-02-01-16.wav,True,calm,strong
actors_speech/Actor_16/03-01-02-02-02-02-16.wav,True,calm,strong
actors_speech/Actor_16/03-01-03-01-01-01-16.wav,True,happy,normal
actors_speech/Actor_16/03-01-03-01-01-02-16.wav,True,happy,normal
actors_speech/Actor_16/03-01-03-01-02-01-16.wav,True,happy,normal
actors_speech/Actor_16/03-01-03-01-02-02-16.wav,True,happy,normal
actors_speech/Actor_16/03-01-03-02-01-01-16.wav,True,happy,strong
actors_speech/Actor_16/03-01-03-02-01-02-16.wav,True,happy,strong
actors_speech/Actor_16/03-01-03-02-02-01-16.wav,True,happy,strong
actors_speech/Actor_16/03-01-03-02-02-02-16.wav,True,happy,strong
actors_speech/Actor_16/03-01-04-01-01-01-16.wav,True,sad,normal
actors_speech/Actor_16/03-01-04-01-01-02-16.wav,True,sad,normal
actors_speech/Actor_16/03-01-04-01-02-01-16.wav,True,sad,normal
actors_speech/Actor_16/03-01-04-01-02-02-16.wav,True,sad,normal
actors_speech/Actor_16/03-01-04-02-01-01-16.wav,True,sad,strong
actors_speech/Actor_16/03-01-04-02-01-02-16.wav,True,sad,strong
actors_speech/Actor_16/03-01-04-02-02-01-16.wav,True,sad,strong
actors_speech/Actor_16/03-01-04-02-02-02-16.wav,True,sad,strong
actors_speech/Actor_16/03-01-05-01-01-01-16.wav,True,angry,normal
actors_speech/Actor_16/03-01-05-01-01-02-16.wav,True,angry,normal
actors_speech/Actor_16/03-01-05-01-02-01-16.wav,True,angry,normal
actors_speech/Actor_16/03-01-05-01-02-02-16.wav,True,angry,normal
actors_speech/Actor_16/03-01-05-02-01-01-16.wav,True,angry,strong
actors_speech/Actor_16/03-01-05-02-01-02-16.wav,True,angry,strong
actors_speech/Actor_16/03-01-05-02-02-01-16.wav,True,angry,strong
actors_speech/Actor_16/03-01-05-02-02-02-16.wav,True,angry,strong
actors_speech/Actor_16/03-01-06-01-01-01-16.wav,True,fearful,normal
actors_speech/Actor_16/03-01-06-01-01-02-16.wav,True,fearful,normal
actors_speech/Actor_16/03-01-06-01-02-01-16.wav,True,fearful,normal
actors_speech/Actor_16/03-01-06-01-02-02-16.wav,True,fearful,normal
actors_speech/Actor_16/03-01-06-02-01-01-16.wav,True,fearful,strong
actors_speech/Actor_16/03-01-06-02-01-02-16.wav,True,fearful,strong
actors_speech/Actor_16/03-01-06-02-02-01-16.wav,True,fearful,strong
actors_speech/Actor_16/03-01-06-02-02-02-16.wav,True,fearful,strong
actors_speech/Actor_16/03-01-07-01-01-01-16.wav,True,disgust,normal
actors_speech/Actor_16/03-01-07-01-01-02-16.wav,True,disgust,normal
actors_speech/Actor_16/03-01-07-01-02-01-16.wav,True,disgust,normal
actors_speech/Actor_16/03-01-07-01-02-02-16.wav,True,disgust,normal
actors_speech/Actor_16/03-01-07-02-01-01-16.wav,True,disgust,strong
actors_speech/Actor_16/03-01-07-02-01-02-16.wav,True,disgust,strong
actors_speech/Actor_16/03-01-07-02-02-01-16.wav,True,disgust,strong
actors_speech/Actor_16/03-01-07-02-02-02-16.wav,True,disgust,strong
actors_speech/Actor_16/03-01-08-01-01-01-16.wav,True,surprised,normal
actors_speech/Actor_16/03-01-08-01-01-02-16.wav,True,surprised,normal
actors_speech/Actor_16/03-01-08-01-02-01-16.wav,True,surprised,normal
actors_speech/Actor_16/03-01-08-01-02-02-16.wav,True,surprised,normal
actors_speech/Actor_16/03-01-08-02-01-01-16.wav,True,surprised,strong
actors_speech/Actor_16/03-01-08-02-01-02-16.wav,True,surprised,strong
actors_speech/Actor_16/03-01-08-02-02-01-16.wav,True,surprised,strong
actors_speech/Actor_16/03-01-08-02-02-02-16.wav,True,surprised,strong
actors_speech/Actor_17/03-01-01-01-01-01-17.wav,True,neutral,normal
actors_speech/Actor_17/03-01-01-01-01-02-17.wav,True,neutral,normal
actors_speech/Actor_17/03-01-01-01-02-01-17.wav,True,neutral,normal
actors_speech/Actor_17/03-01-01-01-02-02-17.wav,True,neutral,normal
actors_speech/Actor_17/03-01-02-01-01-01-17.wav,True,calm,normal
actors_speech/Actor_17/03-01-02-01-01-02-17.wav,True,calm,normal
actors_speech/Actor_17/03-01-02-01-02-01-17.wav,True,calm,normal
actors_speech/Actor_17/03-01-02-01-02-02-17.wav,True,calm,normal
actors_speech/Actor_17/03-01-02-02-01-01-17.wav,True,calm,strong
actors_speech/Actor_17/03-01-02-02-01-02-17.wav,True,calm,strong
actors_speech/Actor_17/03-01-02-02-02-01-17.wav,True,calm,strong
actors_speech/Actor_17/03-01-02-02-02-02-17.wav,True,calm,strong
actors_speech/Actor_17/03-01-03-01-01-01-17.wav,True,happy,normal
actors_speech/Actor_17/03-01-03-01-01-02-17.wav,True,happy,normal
actors_speech/Actor_17/03-01-03-01-02-01-17.wav,True,happy,normal
actors_speech/Actor_17/03-01-03-01-02-02-17.wav,True,happy,normal
actors_speech/Actor_17/03-01-03-02-01-01-17.wav,True,happy,strong
actors_speech/Actor_17/03-01-03-02-01-02-17.wav,True,happy,strong
actors_speech/Actor_17/03-01-03-02-02-01-17.wav,True,happy,strong
actors_speech/Actor_17/03-01-03-02-02-02-17.wav,True,happy,strong
actors_speech/Actor_17/03-01-04-01-01-01-17.wav,True,sad,normal
actors_speech/Actor_17/03-01-04-01-01-02-17.wav,True,sad,normal
actors_speech/Actor_17/03-01-04-01-02-01-17.wav,True,sad,normal
actors_speech/Actor_17/03-01-04-01-02-02-17.wav,True,sad,normal
actors_speech/Actor_17/03-01-04-02-01-01-17.wav,True,sad,strong
actors_speech/Actor_17/03-01-04-02-01-02-17.wav,True,sad,strong
actors_speech/Actor_17/03-01-04-02-02-01-17.wav,True,sad,strong
actors_speech/Actor_17/03-01-04-02-02-02-17.wav,True,sad,strong
actors_speech/Actor_17/03-01-05-01-01-01-17.wav,True,angry,normal
actors_speech/Actor_17/03-01-05-01-01-02-17.wav,True,angry,normal
actors_speech/Actor_17/03-01-05-01-02-01-17.wav,True,angry,normal
actors_speech/Actor_17/03-01-05-01-02-02-17.wav,True,angry,normal
actors_speech/Actor_17/03-01-05-02-01-01-17.wav,True,angry,strong
actors_speech/Actor_17/03-01-05-02-01-02-17.wav,True,angry,strong
actors_speech/Actor_17/03-01-05-02-02-01-17.wav,True,angry,strong
actors_speech/Actor_17/03-01-05-02-02-02-17.wav,True,angry,strong
actors_speech/Actor_17/03-01-06-01-01-01-17.wav,True,fearful,normal
actors_speech/Actor_17/03-01-06-01-01-02-17.wav,True,fearful,normal
actors_speech/Actor_17/03-01-06-01-02-01-17.wav,True,fearful,normal
actors_speech/Actor_17/03-01-06-01-02-02-17.wav,True,fearful,normal
actors_speech/Actor_17/03-01-06-02-01-01-17.wav,True,fearful,strong
actors_speech/Actor_17/03-01-06-02-01-02-17.wav,True,fearful,strong
actors_speech/Actor_17/03-01-06-02-02-01-17.wav,True,fearful,strong
actors_speech/Actor_17/03-01-06-02-02-02-17.wav,True,fearful,strong
actors_speech/Actor_17/03-01-07-01-01-01-17.wav,True,disgust,normal
actors_speech/Actor_17/03-01-07-01-01-02-17.wav,True,disgust,normal
actors_speech/Actor_17/03-01-07-01-02-01-17.wav,True,disgust,normal
actors_speech/Actor_17/03-01-07-01-02-02-17.wav,True,disgust,normal
actors_speech/Actor_17/03-01-07-02-01-01-17.wav,True,disgust,strong
actors_speech/Actor_17/03-01-07-02-01-02-17.wav,True,disgust,strong
actors_speech/Actor_17/03-01-07-02-02-01-17.wav,True,disgust,strong
actors_speech/Actor_17/03-01-07-02-02-02-17.wav,True,disgust,strong
actors_speech/Actor_17/03-01-08-01-01-01-17.wav,True,surprised,normal
actors_speech/Actor_17/03-01-08-01-01-02-17.wav,True,surprised,normal
actors_speech/Actor_17/03-01-08-01-02-01-17.wav,True,surprised,normal
actors_speech/Actor_17/03-01-08-01-02-02-17.wav,True,surprised,normal
actors_speech/Actor_17/03-01-08-02-01-01-17.wav,True,surprised,strong
actors_speech/Actor_17/03-01-08-02-01-02-17.wav,True,surprised,strong
actors_speech/Actor_17/03-01-08-02-02-01-17.wav,True,surprised,strong
actors_speech/Actor_17/03-01-08-02-02-02-17.wav,True,surprised,strong
actors_speech/Actor_18/03-01-01-01-01-01-18.wav,True,neutral,normal
actors_speech/Actor_18/03-01-01-01-01-02-18.wav,True,neutral,normal
actors_speech/Actor_18/03-01-01-01-02-01-18.wav,True,neutral,normal
actors_speech/Actor_18/03-01-01-01-02-02-18.wav,True,neutral,normal
actors_speech/Actor_18/03-01-02-01-01-01-18.wav,True,calm,normal
actors_speech/Actor_18/03-01-02-01-01-02-18.wav,True,calm,normal
actors_speech/Actor_18/03-01-02-01-02-01-18.wav,True,calm,normal
actors_speech/Actor_18/03-01-02-01-02-02-18.wav,True,calm,normal
actors_speech/Actor_18/03-01-02-02-01-01-18.wav,True,calm,strong
actors_speech/Actor_18/03-01-02-02-01-02-18.wav,True,calm,strong
actors_speech/Actor_18/03-01-02-02-02-01-18.wav,True,calm,strong
actors_speech/Actor_18/03-01-02-02-02-02-18.wav,True,calm,strong
actors_speech/Actor_18/03-01-03-01-01-01-18.wav,True,happy,normal
actors_speech/Actor_18/03-01-03-01-01-02-18.wav,True,happy,normal
actors_speech/Actor_18/03-01-03-01-02-01-18.wav,True,happy,normal
actors_speech/Actor_18/03-01-03-01-02-02-18.wav,True,happy,normal
actors_speech/Actor_18/03-01-03-02-01-01-18.wav,True,happy,strong
actors_speech/Actor_18/03-01-03-02-01-02-18.wav,True,happy,strong
actors_speech/Actor_18/03-01-03-02-02-01-18.wav,True,happy,strong
actors_speech/Actor_18/03-01-03-02-02-02-18.wav,True,happy,strong
actors_speech/Actor_18/03-01-04-01-01-01-18.wav,True,sad,normal
actors_speech/Actor_18/03-01-04-01-01-02-18.wav,True,sad,normal
actors_speech/Actor_18/03-01-04-01-02-01-18.wav,True,sad,normal
actors_speech/Actor_18/03-01-04-01-02-02-18.wav,True,sad,normal
actors_speech/Actor_18/03-01-04-02-01-01-18.wav,True,sad,strong
actors_speech/Actor_18/03-01-04-02-01-02-18.wav,True,sad,strong
actors_speech/Actor_18/03-01-04-02-02-01-18.wav,True,sad,strong
actors_speech/Actor_18/03-01-04-02-02-02-18.wav,True,sad,strong
actors_speech/Actor_18/03-01-05-01-01-01-18.wav,True,angry,normal
actors_speech/Actor_18/03-01-05-01-01-02-18.wav,True,angry,normal
actors_speech/Actor_18/03-01-05-01-02-01-18.wav,True,angry,normal
actors_speech/Actor_18/03-01-05-01-02-02-18.wav,True,angry,normal
actors_speech/Actor_18/03-01-05-02-01-01-18.wav,True,angry,strong
actors_speech/Actor_18/03-01-05-02-01-02-18.wav,True,angry,strong
actors_speech/Actor_18/03-01-05-02-02-01-18.wav,True,angry,strong
actors_speech/Actor_18/03-01-05-02-02-02-18.wav,True,angry,strong
actors_speech/Actor_18/03-01-06-01-01-01-18.wav,True,fearful,normal
actors_speech/Actor_18/03-01-06-01-01-02-18.wav,True,fearful,normal
actors_speech/Actor_18/03-01-06-01-02-01-18.wav,True,fearful,normal
actors_speech/Actor_18/03-01-06-01-02-02-18.wav,True,fearful,normal
actors_speech/Actor_18/03-01-06-02-01-01-18.wav,True,fearful,strong
actors_speech/Actor_18/03-01-06-02-01-02-18.wav,True,fearful,strong
actors_speech/Actor_18/03-01-06-02-02-01-18.wav,True,fearful,strong
actors_speech/Actor_18/03-01-06-02-02-02-18.wav,True,fearful,strong
actors_speech/Actor_18/03-01-07-01-01-01-18.wav,True,disgust,normal
actors_speech/Actor_18/03-01-07-01-01-02-18.wav,True,disgust,normal
actors_speech/Actor_18/03-01-07-01-02-01-18.wav,True,disgust,normal
actors_speech/Actor_18/03-01-07-01-02-02-18.wav,True,disgust,normal
actors_speech/Actor_18/03-01-07-02-01-01-18.wav,True,disgust,strong
actors_speech/Actor_18/03-01-07-02-01-02-18.wav,True,disgust,strong
actors_speech/Actor_18/03-01-07-02-02-01-18.wav,True,disgust,strong
actors_speech/Actor_18/03-01-07-02-02-02-18.wav,True,disgust,strong
actors_speech/Actor_18/03-01-08-01-01-01-18.wav,True,surprised,normal
actors_speech/Actor_18/03-01-08-01-01-02-18.wav,True,surprised,normal
actors_speech/Actor_18/03-01-08-01-02-01-18.wav,True,surprised,normal
actors_speech/Actor_18/03-01-08-01-02-02-18.wav,True,surprised,normal
actors_speech/Actor_18/03-01-08-02-01-01-18.wav,True,surprised,strong
actors_speech/Actor_18/03-01-08-02-01-02-18.wav,True,surprised,strong
actors_speech/Actor_18/03-01-08-02-02-01-18.wav,True,surprised,strong
actors_speech/Actor_18/03-01-08-02-02-02-18.wav,True,surprised,strong
actors_speech/Actor_19/03-01-01-01-01-01-19.wav,True,neutral,normal
actors_speech/Actor_19/03-01-01-01-01-02-19.wav,True,neutral,normal
actors_speech/Actor_19/03-01-01-01-02-01-19.wav,True,neutral,normal
actors_speech/Actor_19/03-01-01-01-02-02-19.wav,True,neutral,normal
actors_speech/Actor_19/03-01-02-01-01-01-19.wav,True,calm,normal
actors_speech/Actor_19/03-01-02-01-01-02-19.wav,True,calm,normal
actors_speech/Actor_19/03-01-02-01-02-01-19.wav,True,calm,normal
actors_speech/Actor_19/03-01-02-01-02-02-19.wav,True,calm,normal
actors_speech/Actor_19/03-01-02-02-01-01-19.wav,True,calm,strong
actors_speech/Actor_19/03-01-02-02-01-02-19.wav,True,calm,strong
actors_speech/Actor_19/03-01-02-02-02-01-19.wav,True,calm,strong
actors_speech/Actor_19/03-01-02-02-02-02-19.wav,True,calm,strong
actors_speech/Actor_19/03-01-03-01-01-01-19.wav,True,happy,normal
actors_speech/Actor_19/03-01-03-01-01-02-19.wav,True,happy,normal
actors_speech/Actor_19/03-01-03-01-02-01-19.wav,True,happy,normal
actors_speech/Actor_19/03-01-03-01-02-02-19.wav,True,happy,normal
actors_speech/Actor_19/03-01-03-02-01-01-19.wav,True,happy,strong
actors_speech/Actor_19/03-01-03-02-01-02-19.wav,True,happy,strong
actors_speech/Actor_19/03-01-03-02-02-01-19.wav,True,happy,strong
actors_speech/Actor_19/03-01-03-02-02-02-19.wav,True,happy,strong
actors_speech/Actor_19/03-01-04-01-01-01-19.wav,True,sad,normal
actors_speech/Actor_19/03-01-04-01-01-02-19.wav,True,sad,normal
actors_speech/Actor_19/03-01-04-01-02-01-19.wav,True,sad,normal
actors_speech/Actor_19/03-01-04-01-02-02-19.wav,True,sad,normal
actors_speech/Actor_19/03-01-04-02-01-01-19.wav,True,sad,strong
actors_speech/Actor_19/03-01-04-02-01-02-19.wav,True,sad,strong
actors_speech/Actor_19/03-01-04-02-02-01-19.wav,True,sad,strong
actors_speech/Actor_19/03-01-04-02-02-02-19.wav,True,sad,strong
actors_speech/Actor_19/03-01-05-01-01-01-19.wav,True,angry,normal
actors_speech/Actor_19/03-01-05-01-01-02-19.wav,True,angry,normal
actors_speech/Actor_19/03-01-05-01-02-01-19.wav,True,angry,normal
actors_speech/Actor_19/03-01-05-01-02-02-19.wav,True,angry,normal
actors_speech/Actor_19/03-01-05-02-01-01-19.wav,True,angry,strong
actors_speech/Actor_19/03-01-05-02-01-02-19.wav,True,angry,strong
actors_speech/Actor_19/03-01-05-02-02-01-19.wav,True,angry,strong
actors_speech/Actor_19/03-01-05-02-02-02-19.wav,True,angry,strong
actors_speech/Actor_19/03-01-06-01-01-01-19.wav,True,fearful,normal
actors_speech/Actor_19/03-01-06-01-01-02-19.wav,True,fearful,normal
actors_speech/Actor_19/03-01-06-01-02-01-19.wav,True,fearful,normal
actors_speech/Actor_19/03-01-06-01-02-02-19.wav,True,fearful,normal
actors_speech/Actor_19/03-01-06-02-01-01-19.wav,True,fearful,strong
actors_speech/Actor_19/03-01-06-02-01-02-19.wav,True,fearful,strong
actors_speech/Actor_19/03-01-06-02-02-01-19.wav,True,fearful,strong
actors_speech/Actor_19/03-01-06-02-02-02-19.wav,True,fearful,strong
actors_speech/Actor_19/03-01-07-01-01-01-19.wav,True,disgust,normal
actors_speech/Actor_19/03-01-07-01-01-02-19.wav,True,disgust,normal
actors_speech/Actor_19/03-01-07-01-02-01-19.wav,True,disgust,normal
actors_speech/Actor_19/03-01-07-01-02-02-19.wav,True,disgust,normal
actors_speech/Actor_19/03-01-07-02-01-01-19.wav,True,disgust,strong
actors_speech/Actor_19/03-01-07-02-01-02-19.wav,True,disgust,strong
actors_speech/Actor_19/03-01-07-02-02-01-19.wav,True,disgust,strong
actors_speech/Actor_19/03-01-07-02-02-02-19.wav,True,disgust,strong
actors_speech/Actor_19/03-01-08-01-01-01-19.wav,True,surprised,normal
actors_speech/Actor_19/03-01-08-01-01-02-19.wav,True,surprised,normal
actors_speech/Actor_19/03-01-08-01-02-01-19.wav,True,surprised,normal
actors_speech/Actor_19/03-01-08-01-02-02-19.wav,True,surprised,normal
actors_speech/Actor_19/03-01-08-02-01-01-19.wav,True,surprised,strong
actors_speech/Actor_19/03-01-08-02-01-02-19.wav,True,surprised,strong
actors_speech/Actor_19/03-01-08-02-02-01-19.wav,True,surprised,strong
actors_speech/Actor_19/03-01-08-02-02-02-19.wav,True,surprised,strong
actors_speech/Actor_20/03-01-01-01-01-01-20.wav,True,neutral,normal
actors_speech/Actor_20/03-01-01-01-01-02-20.wav,True,neutral,normal
actors_speech/Actor_20/03-01-01-01-02-01-20.wav,True,neutral,normal
actors_speech/Actor_20/03-01-01-01-02-02-20.wav,True,neutral,normal
actors_speech/Actor_20/03-01-02-01-01-01-20.wav,True,calm,normal
actors_speech/Actor_20/03-01-02-01-01-02-20.wav,True,calm,normal
actors_speech/Actor_20/03-01-02-01-02-01-20.wav,True,calm,normal
actors_speech/Actor_20/03-01-02-01-02-02-20.wav,True,calm,normal
actors_speech/Actor_20/03-01-02-02-01-01-20.wav,True,calm,strong
actors_speech/Actor_20/03-01-02-02-01-02-20.wav,True,calm,strong
actors_speech/Actor_20/03-01-02-02-02-01-20.wav,True,calm,strong
actors_speech/Actor_20/03-01-02-02-02-02-20.wav,True,calm,strong
actors_speech/Actor_20/03-01-03-01-01-01-20.wav,True,happy,normal
actors_speech/Actor_20/03-01-03-01-01-02-20.wav,True,happy,normal
actors_speech/Actor_20/03-01-03-01-02-01-20.wav,True,happy,normal
actors_speech/Actor_20/03-01-03-01-02-02-20.wav,True,happy,normal
actors_speech/Actor_20/03-01-03-02-01-01-20.wav,True,happy,strong
actors_speech/Actor_20/03-01-03-02-01-02-20.wav,True,happy,strong
actors_speech/Actor_20/03-01-03-02-02-01-20.wav,True,happy,strong
actors_speech/Actor_20/03-01-03-02-02-02-20.wav,True,happy,strong
actors_speech/Actor_20/03-01-04-01-01-01-20.wav,True,sad,normal
actors_speech/Actor_20/03-01-04-01-01-02-20.wav,True,sad,normal
actors_speech/Actor_20/03-01-04-01-02-01-20.wav,True,sad,normal
actors_speech/Actor_20/03-01-04-01-02-02-20.wav,True,sad,normal
actors_speech/Actor_20/03-01-04-02-01-01-20.wav,True,sad,strong
actors_speech/Actor_20/03-01-04-02-01-02-20.wav,True,sad,strong
actors_speech/Actor_20/03-01-04-02-02-01-20.wav,True,sad,strong
actors_speech/Actor_20/03-01-04-02-02-02-20.wav,True,sad,strong
actors_speech/Actor_20/03-01-05-01-01-01-20.wav,True,angry,normal
actors_speech/Actor_20/03-01-05-01-01-02-20.wav,True,angry,normal
actors_speech/Actor_20/03-01-05-01-02-01-20.wav,True,angry,normal
actors_speech/Actor_20/03-01-05-01-02-02-20.wav,True,angry,normal
actors_speech/Actor_20/03-01-05-02-01-01-20.wav,True,angry,strong
actors_speech/Actor_20/03-01-05-02-01-02-20.wav,True,angry,strong
actors_speech/Actor_20/03-01-05-02-02-01-20.wav,True,angry,strong
actors_speech/Actor_20/03-01-05-02-02-02-20.wav,True,angry,strong
actors_speech/Actor_20/03-01-06-01-01-01-20.wav,True,fearful,normal
actors_speech/Actor_20/03-01-06-01-01-02-20.wav,True,fearful,normal
actors_speech/Actor_20/03-01-06-01-02-01-20.wav,True,fearful,normal
actors_speech/Actor_20/03-01-06-01-02-02-20.wav,True,fearful,normal
actors_speech/Actor_20/03-01-06-02-01-01-20.wav,True,fearful,strong
actors_speech/Actor_20/03-01-06-02-01-02-20.wav,True,fearful,strong
actors_speech/Actor_20/03-01-06-02-02-01-20.wav,True,fearful,strong
actors_speech/Actor_20/03-01-06-02-02-02-20.wav,True,fearful,strong
actors_speech/Actor_20/03-01-07-01-01-01-20.wav,True,disgust,normal
actors_speech/Actor_20/03-01-07-01-01-02-20.wav,True,disgust,normal
actors_speech/Actor_20/03-01-07-01-02-01-20.wav,True,disgust,normal
actors_speech/Actor_20/03-01-07-01-02-02-20.wav,True,disgust,normal
actors_speech/Actor_20/03-01-07-02-01-01-20.wav,True,disgust,strong
actors_speech/Actor_20/03-01-07-02-01-02-20.wav,True,disgust,strong
actors_speech/Actor_20/03-01-07-02-02-01-20.wav,True,disgust,strong
actors_speech/Actor_20/03-01-07-02-02-02-20.wav,True,disgust,strong
actors_speech/Actor_20/03-01-08-01-01-01-20.wav,True,surprised,normal
actors_speech/Actor_20/03-01-08-01-01-02-20.wav,True,surprised,normal
actors_speech/Actor_20/03-01-08-01-02-01-20.wav,True,surprised,normal
actors_speech/Actor_20/03-01-08-01-02-02-20.wav,True,surprised,normal
actors_speech/Actor_20/03-01-08-02-01-01-20.wav,True,surprised,strong
actors_speech/Actor_20/03-01-08-02-01-02-20.wav,True,surprised,strong
actors_speech/Actor_20/03-01-08-02-02-01-20.wav,True,surprised,strong
actors_speech/Actor_20/03-01-08-02-02-02-20.wav,True,surprised,strong
actors_speech/Actor_21/03-01-01-01-01-01-21.wav,True,neutral,normal
actors_speech/Actor_21/03-01-01-01-01-02-21.wav,True,neutral,normal
actors_speech/Actor_21/03-01-01-01-02-01-21.wav,True,neutral,normal
actors_speech/Actor_21/03-01-01-01-02-02-21.wav,True,neutral,normal
actors_speech/Actor_21/03-01-02-01-01-01-21.wav,True,calm,normal
actors_speech/Actor_21/03-01-02-01-01-02-21.wav,True,calm,normal
actors_speech/Actor_21/03-01-02-01-02-01-21.wav,True,calm,normal
actors_speech/Actor_21/03-01-02-01-02-02-21.wav,True,calm,normal
actors_speech/Actor_21/03-01-02-02-01-01-21.wav,True,calm,strong
actors_speech/Actor_21/03-01-02-02-01-02-21.wav,True,calm,strong
actors_speech/Actor_21/03-01-02-02-02-01-21.wav,True,calm,strong
actors_speech/Actor_21/03-01-02-02-02-02-21.wav,True,calm,strong
actors_speech/Actor_21/03-01-03-01-01-01-21.wav,True,happy,normal
actors_speech/Actor_21/03-01-03-01-01-02-21.wav,True,happy,normal
actors_speech/Actor_21/03-01-03-01-02-01-21.wav,True,happy,normal
actors_speech/Actor_21/03-01-03-01-02-02-21.wav,True,happy,normal
actors_speech/Actor_21/03-01-03-02-01-01-21.wav,True,happy,strong
actors_speech/Actor_21/03-01-03-02-01-02-21.wav,True,happy,strong
actors_speech/Actor_21/03-01-03-02-02-01-21.wav,True,happy,strong
actors_speech/Actor_21/03-01-03-02-02-02-21.wav,True,happy,strong
actors_speech/Actor_21/03-01-04-01-01-01-21.wav,True,sad,normal
actors_speech/Actor_21/03-01-04-01-01-02-21.wav,True,sad,normal
actors_speech/Actor_21/03-01-04-01-02-01-21.wav,True,sad,normal
actors_speech/Actor_21/03-01-04-01-02-02-21.wav,True,sad,normal
actors_speech/Actor_21/03-01-04-02-01-01-21.wav,True,sad,strong
actors_speech/Actor_21/03-01-04-02-01-02-21.wav,True,sad,strong
actors_speech/Actor_21/03-01-04-02-02-01-21.wav,True,sad,strong
actors_speech/Actor_21/03-01-04-02-02-02-21.wav,True,sad,strong
actors_speech/Actor_21/03-01-05-01-01-01-21.wav,True,angry,normal
actors_speech/Actor_21/03-01-05-01-01-02-21.wav,True,angry,normal
actors_speech/Actor_21/03-01-05-01-02-01-21.wav,True,angry,normal
actors_speech/Actor_21/03-01-05-01-02-02-21.wav,True,angry,normal
actors_speech/Actor_21/03-01-05-02-01-01-21.wav,True,angry,strong
actors_speech/Actor_21/03-01-05-02-01-02-21.wav,True,angry,strong
actors_speech/Actor_21/03-01-05-02-02-01-21.wav,True,angry,strong
actors_speech/Actor_21/03-01-05-02-02-02-21.wav,True,angry,strong
actors_speech/Actor_21/03-01-06-01-01-01-21.wav,True,fearful,normal
actors_speech/Actor_21/03-01-06-01-01-02-21.wav,True,fearful,normal
actors_speech/Actor_21/03-01-06-01-02-01-21.wav,True,fearful,normal
actors_speech/Actor_21/03-01-06-01-02-02-21.wav,True,fearful,normal
actors_speech/Actor_21/03-01-06-02-01-01-21.wav,True,fearful,strong
actors_speech/Actor_21/03-01-06-02-01-02-21.wav,True,fearful,strong
actors_speech/Actor_21/03-01-06-02-02-01-21.wav,True,fearful,strong
actors_speech/Actor_21/03-01-06-02-02-02-21.wav,True,fearful,strong
actors_speech/Actor_21/03-01-07-01-01-01-21.wav,True,disgust,normal
actors_speech/Actor_21/03-01-07-01-01-02-21.wav,True,disgust,normal
actors_speech/Actor_21/03-01-07-01-02-01-21.wav,True,disgust,normal
actors_speech/Actor_21/03-01-07-01-02-02-21.wav,True,disgust,normal
actors_speech/Actor_21/03-01-07-02-01-01-21.wav,True,disgust,strong
actors_speech/Actor_21/03-01-07-02-01-02-21.wav,True,disgust,strong
actors_speech/Actor_21/03-01-07-02-02-01-21.wav,True,disgust,strong
actors_speech/Actor_21/03-01-07-02-02-02-21.wav,True,disgust,strong
actors_speech/Actor_21/03-01-08-01-01-01-21.wav,True,surprised,normal
actors_speech/Actor_21/03-01-08-01-01-02-21.wav,True,surprised,normal
actors_speech/Actor_21/03-01-08-01-02-01-21.wav,True,surprised,normal
actors_speech/Actor_21/03-01-08-01-02-02-21.wav,True,surprised,normal
actors_speech/Actor_21/03-01-08-02-01-01-21.wav,True,surprised,strong
actors_speech/Actor_21/03-01-08-02-01-02-21.wav,True,surprised,strong
actors_speech/Actor_21/03-01-08-02-02-01-21.wav,True,surprised,strong
actors_speech/Actor_21/03-01-08-02-02-02-21.wav,True,surprised,strong
actors_speech/Actor_22/03-01-01-01-01-01-22.wav,True,neutral,normal
actors_speech/Actor_22/03-01-01-01-01-02-22.wav,True,neutral,normal
actors_speech/Actor_22/03-01-01-01-02-01-22.wav,True,neutral,normal
actors_speech/Actor_22/03-01-01-01-02-02-22.wav,True,neutral,normal
actors_speech/Actor_22/03-01-02-01-01-01-22.wav,True,calm,normal
actors_speech/Actor_22/03-01-02-01-01-02-22.wav,True,calm,normal
actors_speech/Actor_22/03-01-02-01-02-01-22.wav,True,calm,normal
actors_speech/Actor_22/03-01-02-01-02-02-22.wav,True,calm,normal
actors_speech/Actor_22/03-01-02-02-01-01-22.wav,True,calm,strong
actors_speech/Actor_22/03-01-02-02-01-02-22.wav,True,calm,strong
actors_speech/Actor_22/03-01-02-02-02-01-22.wav,True,calm,strong
actors_speech/Actor_22/03-01-02-02-02-02-22.wav,True,calm,strong
actors_speech/Actor_22/03-01-03-01-01-01-22.wav,True,happy,normal
actors_speech/Actor_22/03-01-03-01-01-02-22.wav,True,happy,normal
actors_speech/Actor_22/03-01-03-01-02-01-22.wav,True,happy,normal
actors_speech/Actor_22/03-01-03-01-02-02-22.wav,True,happy,normal
actors_speech/Actor_22/03-01-03-02-01-01-22.wav,True,happy,strong
actors_speech/Actor_22/03-01-03-02-01-02-22.wav,True,happy,strong
actors_speech/Actor_22/03-01-03-02-02-01-22.wav,True,happy,strong
actors_speech/Actor_22/03-01-03-02-02-02-22.wav,True,happy,strong
actors_speech/Actor_22/03-01-04-01-01-01-22.wav,True,sad,normal
actors_speech/Actor_22/03-01-04-01-01-02-22.wav,True,sad,normal
actors_speech/Actor_22/03-01-04-01-02-01-22.wav,True,sad,normal
actors_speech/Actor_22/03-01-04-01-02-02-22.wav,True,sad,normal
actors_speech/Actor_22/03-01-04-02-01-01-22.wav,True,sad,strong
actors_speech/Actor_22/03-01-04-02-01-02-22.wav,True,sad,strong
actors_speech/Actor_22/03-01-04-02-02-01-22.wav,True,sad,strong
actors_speech/Actor_22/03-01-04-02-02-02-22.wav,True,sad,strong
actors_speech/Actor_22/03-01-05-01-01-01-22.wav,True,angry,normal
actors_speech/Actor_22/03-01-05-01-01-02-22.wav,True,angry,normal
actors_speech/Actor_22/03-01-05-01-02-01-22.wav,True,angry,normal
actors_speech/Actor_22/03-01-05-01-02-02-22.wav,True,angry,normal
actors_speech/Actor_22/03-01-05-02-01-01-22.wav,True,angry,strong
actors_speech/Actor_22/03-01-05-02-01-02-22.wav,True,angry,strong
actors_speech/Actor_22/03-01-05-02-02-01-22.wav,True,angry,strong
actors_speech/Actor_22/03-01-05-02-02-02-22.wav,True,angry,strong
actors_speech/Actor_22/03-01-06-01-01-01-22.wav,True,fearful,normal
actors_speech/Actor_22/03-01-06-01-01-02-22.wav,True,fearful,normal
actors_speech/Actor_22/03-01-06-01-02-01-22.wav,True,fearful,normal
actors_speech/Actor_22/03-01-06-01-02-02-22.wav,True,fearful,normal
actors_speech/Actor_22/03-01-06-02-01-01-22.wav,True,fearful,strong
actors_speech/Actor_22/03-01-06-02-01-02-22.wav,True,fearful,strong
actors_speech/Actor_22/03-01-06-02-02-01-22.wav,True,fearful,strong
actors_speech/Actor_22/03-01-06-02-02-02-22.wav,True,fearful,strong
actors_speech/Actor_22/03-01-07-01-01-01-22.wav,True,disgust,normal
actors_speech/Actor_22/03-01-07-01-01-02-22.wav,True,disgust,normal
actors_speech/Actor_22/03-01-07-01-02-01-22.wav,True,disgust,normal
actors_speech/Actor_22/03-01-07-01-02-02-22.wav,True,disgust,normal
actors_speech/Actor_22/03-01-07-02-01-01-22.wav,True,disgust,strong
actors_speech/Actor_22/03-01-07-02-01-02-22.wav,True,disgust,strong
actors_speech/Actor_22/03-01-07-02-02-01-22.wav,True,disgust,strong
actors_speech/Actor_22/03-01-07-02-02-02-22.wav,True,disgust,strong
actors_speech/Actor_22/03-01-08-01-01-01-22.wav,True,surprised,normal
actors_speech/Actor_22/03-01-08-01-01-02-22.wav,True,surprised,normal
actors_speech/Actor_22/03-01-08-01-02-01-22.wav,True,surprised,normal
actors_speech/Actor_22/03-01-08-01-02-02-22.wav,True,surprised,normal
actors_speech/Actor_22/03-01-08-02-01-01-22.wav,True,surprised,strong
actors_speech/Actor_22/03-01-08-02-01-02-22.wav,True,surprised,strong
actors_speech/Actor_22/03-01-08-02-02-01-22.wav,True,surprised,strong
actors_speech/Actor_22/03-01-08-02-02-02-22.wav,True,surprised,strong
actors_speech/Actor_23/03-01-01-01-01-01-23.wav,True,neutral,normal
actors_speech/Actor_23/03-01-01-01-01-02-23.wav,True,neutral,normal
actors_speech/Actor_23/03-01-01-01-02-01-23.wav,True,neutral,normal
actors_speech/Actor_23/03-01-01-01-02-02-23.wav,True,neutral,normal
actors_speech/Actor_23/03-01-02-01-01-01-23.wav,True,calm,normal
actors_speech/Actor_23/03-01-02-01-01-02-23.wav,True,calm,normal
actors_speech/Actor_23/03-01-02-01-02-01-23.wav,True,calm,normal
actors_speech/Actor_23/03-01-02-01-02-02-23.wav,True,calm,normal
actors_speech/Actor_23/03-01-02-02-01-01-23.wav,True,calm,strong
actors_speech/Actor_23/03-01-02-02-01-02-23.wav,True,calm,strong
actors_speech/Actor_23/03-01-02-02-02-01-23.wav,True,calm,strong
actors_speech/Actor_23/03-01-02-02-02-02-23.wav,True,calm,strong
actors_speech/Actor_23/03-01-03-01-01-01-23.wav,True,happy,normal
actors_speech/Actor_23/03-01-03-01-01-02-23.wav,True,happy,normal
actors_speech/Actor_23/03-01-03-01-02-01-23.wav,True,happy,normal
actors_speech/Actor_23/03-01-03-01-02-02-23.wav,True,happy,normal
actors_speech/Actor_23/03-01-03-02-01-01-23.wav,True,happy,strong
actors_speech/Actor_23/03-01-03-02-01-02-23.wav,True,happy,strong
actors_speech/Actor_23/03-01-03-02-02-01-23.wav,True,happy,strong
actors_speech/Actor_23/03-01-03-02-02-02-23.wav,True,happy,strong
actors_speech/Actor_23/03-01-04-01-01-01-23.wav,True,sad,normal
actors_speech/Actor_23/03-01-04-01-01-02-23.wav,True,sad,normal
actors_speech/Actor_23/03-01-04-01-02-01-23.wav,True,sad,normal
actors_speech/Actor_23/03-01-04-01-02-02-23.wav,True,sad,normal
actors_speech/Actor_23/03-01-04-02-01-01-23.wav,True,sad,strong
actors_speech/Actor_23/03-01-04-02-01-02-23.wav,True,sad,strong
actors_speech/Actor_23/03-01-04-02-02-01-23.wav,True,sad,strong
actors_speech/Actor_23/03-01-04-02-02-02-23.wav,True,sad,strong
actors_speech/Actor_23/03-01-05-01-01-01-23.wav,True,angry,normal
actors_speech/Actor_23/03-01-05-01-01-02-23.wav,True,angry,normal
actors_speech/Actor_23/03-01-05-01-02-01-23.wav,True,angry,normal
actors_speech/Actor_23/03-01-05-01-02-02-23.wav,True,angry,normal
actors_speech/Actor_23/03-01-05-02-01-01-23.wav,True,angry,strong
actors_speech/Actor_23/03-01-05-02-01-02-23.wav,True,angry,strong
actors_speech/Actor_23/03-01-05-02-02-01-23.wav,True,angry,strong
actors_speech/Actor_23/03-01-05-02-02-02-23.wav,True,angry,strong
actors_speech/Actor_23/03-01-06-01-01-01-23.wav,True,fearful,normal
actors_speech/Actor_23/03-01-06-01-01-02-23.wav,True,fearful,normal
actors_speech/Actor_23/03-01-06-01-02-01-23.wav,True,fearful,normal
actors_speech/Actor_23/03-01-06-01-02-02-23.wav,True,fearful,normal
actors_speech/Actor_23/03-01-06-02-01-01-23.wav,True,fearful,strong
actors_speech/Actor_23/03-01-06-02-01-02-23.wav,True,fearful,strong
actors_speech/Actor_23/03-01-06-02-02-01-23.wav,True,fearful,strong
actors_speech/Actor_23/03-01-06-02-02-02-23.wav,True,fearful,strong
actors_speech/Actor_23/03-01-07-01-01-01-23.wav,True,disgust,normal
actors_speech/Actor_23/03-01-07-01-01-02-23.wav,True,disgust,normal
actors_speech/Actor_23/03-01-07-01-02-01-23.wav,True,disgust,normal
actors_speech/Actor_23/03-01-07-01-02-02-23.wav,True,disgust,normal
actors_speech/Actor_23/03-01-07-02-01-01-23.wav,True,disgust,strong
actors_speech/Actor_23/03-01-07-02-01-02-23.wav,True,disgust,strong
actors_speech/Actor_23/03-01-07-02-02-01-23.wav,True,disgust,strong
actors_speech/Actor_23/03-01-07-02-02-02-23.wav,True,disgust,strong
actors_speech/Actor_23/03-01-08-01-01-01-23.wav,True,surprised,normal
actors_speech/Actor_23/03-01-08-01-01-02-23.wav,True,surprised,normal
actors_speech/Actor_23/03-01-08-01-02-01-23.wav,True,surprised,normal
actors_speech/Actor_23/03-01-08-01-02-02-23.wav,True,surprised,normal
actors_speech/Actor_23/03-01-08-02-01-01-23.wav,True,surprised,strong
actors_speech/Actor_23/03-01-08-02-01-02-23.wav,True,surprised,strong
actors_speech/Actor_23/03-01-08-02-02-01-23.wav,True,surprised,strong
actors_speech/Actor_23/03-01-08-02-02-02-23.wav,True,surprised,strong
actors_speech/Actor_24/03-01-01-01-01-01-24.wav,True,neutral,normal
actors_speech/Actor_24/03-01-01-01-01-02-24.wav,True,neutral,normal
actors_speech/Actor_24/03-01-01-01-02-01-24.wav,True,neutral,normal
actors_speech/Actor_24/03-01-01-01-02-02-24.wav,True,neutral,normal
actors_speech/Actor_24/03-01-02-01-01-01-24.wav,True,calm,normal
actors_speech/Actor_24/03-01-02-01-01-02-24.wav,True,calm,normal
actors_speech/Actor_24/03-01-02-01-02-01-24.wav,True,calm,normal
actors_speech/Actor_24/03-01-02-01-02-02-24.wav,True,calm,normal
actors_speech/Actor_24/03-01-02-02-01-01-24.wav,True,calm,strong
actors_speech/Actor_24/03-01-02-02-01-02-24.wav,True,calm,strong
actors_speech/Actor_24/03-01-02-02-02-01-24.wav,True,calm,strong
actors_speech/Actor_24/03-01-02-02-02-02-24.wav,True,calm,strong
actors_speech/Actor_24/03-01-03-01-01-01-24.wav,True,happy,normal
actors_speech/Actor_24/03-01-03-01-01-02-24.wav,True,happy,normal
actors_speech/Actor_24/03-01-03-01-02-01-24.wav,True,happy,normal
actors_speech/Actor_24/03-01-03-01-02-02-24.wav,True,happy,normal
actors_speech/Actor_24/03-01-03-02-01-01-24.wav,True,happy,strong
actors_speech/Actor_24/03-01-03-02-01-02-24.wav,True,happy,strong
actors_speech/Actor_24/03-01-03-02-02-01-24.wav,True,happy,strong
actors_speech/Actor_24/03-01-03-02-02-02-24.wav,True,happy,strong
actors_speech/Actor_24/03-01-04-01-01-01-24.wav,True,sad,normal
actors_speech/Actor_24/03-01-04-01-01-02-24.wav,True,sad,normal
actors_speech/Actor_24/03-01-04-01-02-01-24.wav,True,sad,normal
actors_speech/Actor_24/03-01-04-01-02-02-24.wav,True,sad,normal
actors_speech/Actor_24/03-01-04-02-01-01-24.wav,True,sad,strong
actors_speech/Actor_24/03-01-04-02-01-02-24.wav,True,sad,strong
actors_speech/Actor_24/03-01-04-02-02-01-24.wav,True,sad,strong
actors_speech/Actor_24/03-01-04-02-02-02-24.wav,True,sad,strong
actors_speech/Actor_24/03-01-05-01-01-01-24.wav,True,angry,normal
actors_speech/Actor_24/03-01-05-01-01-02-24.wav,True,angry,normal
actors_speech/Actor_24/03-01-05-01-02-01-24.wav,True,angry,normal
actors_speech/Actor_24/03-01-05-01-02-02-24.wav,True,angry,normal
actors_speech/Actor_24/03-01-05-02-01-01-24.wav,True,angry,strong
actors_speech/Actor_24/03-01-05-02-01-02-24.wav,True,angry,strong
actors_speech/Actor_24/03-01-05-02-02-01-24.wav,True,angry,strong
actors_speech/Actor_24/03-01-05-02-02-02-24.wav,True,angry,strong
actors_speech/Actor_24/03-01-06-01-01-01-24.wav,True,fearful,normal
actors_speech/Actor_24/03-01-06-01-01-02-24.wav,True,fearful,normal
actors_speech/Actor_24/03-01-06-01-02-01-24.wav,True,fearful,normal
actors_speech/Actor_24/03-01-06-01-02-02-24.wav,True,fearful,normal
actors_speech/Actor_24/03-01-06-02-01-01-24.wav,True,fearful,strong
actors_speech/Actor_24/03-01-06-02-01-02-24.wav,True,fearful,strong
actors_speech/Actor_24/03-01-06-02-02-01-24.wav,True,fearful,strong
actors_speech/Actor_24/03-01-06-02-02-02-24.wav,True,fearful,strong
actors_speech/Actor_24/03-01-07-01-01-01-24.wav,True,disgust,normal
actors_speech/Actor_24/03-01-07-01-01-02-24.wav,True,disgust,normal
actors_speech/Actor_24/03-01-07-01-02-01-24.wav,True,disgust,normal
actors_speech/Actor_24/03-01-07-01-02-02-24.wav,True,disgust,normal
actors_speech/Actor_24/03-01-07-02-01-01-24.wav,True,disgust,strong
actors_speech/Actor_24/03-01-07-02-01-02-24.wav,True,disgust,strong
actors_speech/Actor_24/03-01-07-02-02-01-24.wav,True,disgust,strong
actors_speech/Actor_24/03-01-07-02-02-02-24.wav,True,disgust,strong
actors_speech/Actor_24/03-01-08-01-01-01-24.wav,True,surprised,normal
actors_speech/Actor_24/03-01-08-01-01-02-24.wav,True,surprised,normal
actors_speech/Actor_24/03-01-08-01-02-01-24.wav,True,surprised,normal
actors_speech/Actor_24/03-01-08-01-02-02-24.wav,True,surprised,normal
actors_speech/Actor_24/03-01-08-02-01-01-24.wav,True,surprised,strong
actors_speech/Actor_24/03-01-08-02-01-02-24.wav,True,surprised,strong
actors_speech/Actor_24/03-01-08-02-02-01-24.wav,True,surprised,strong
actors_speech/Actor_24/03-01-08-02-02-02-24.wav,True,surprised,strong
